common_name,scientific_name,year,status
Moorish Idol,Zanclus cornutus,2016,Least Concern
Longsnout Butterflyfish,Prognathodes aculeatus,2010,Least Concern
Orange-Banded Coralfish,Coradion chrysozonus,2010,Least Concern
Two-Eyed Coralfish,Coradion melanopus,2010,Least Concern
Humphead Bannerfish,Heniochus varius,2010,Least Concern
Pennant Bannerfish,Heniochus chrysostomus,2010,Least Concern
Masked Bannerfish,Heniochus monoceros,2010,Least Concern
Singular Bannerfish,Heniochus singularius,2010,Least Concern
Schooling Bannerfish,Heniochus diphreutes,2010,Least Concern
Longnose Butterflyfish,Forcipiger flavissimus,2010,Least Concern
Big Longnose Butterflyfish,Forcipiger longirostris,2010,Least Concern
Foureye Butterflyfish,Chaetodon capistratus,2010,Least Concern
Spotfin Butterflyfish,Chaetodon ocellatus,2010,Least Concern
Reef Butterflyfish,Chaetodon sedentarius,2010,Least Concern
Vagabond Butterflyfish,Chaetodon vagabundus,2010,Least Concern
Atoll Butterflyfish,Chaetodon mertensii,2010,Least Concern
Crosshatch Butterflyfish,Chaetodon xanthurus,2010,Least Concern
Chevroned Butterflyfish,Chaetodon trifascialis,2010,Near Threatened
Saddled Butterflyfish,Chaetodon ephippium,2010,Least Concern
Ornate Butterflyfish,Chaetodon ornatissimus,2010,Least Concern
Spot-Banded Butterflyfish,Chaetodon punctatofasciatus,2010,Least Concern
Eastern Triangular Butterflyfish,Chaetodon baronessa,2010,Least Concern
Redfin Butterflyfish,Chaetodon lunulatus,2010,Least Concern
Fourspot Butterflyfish,Chaetodon quadrimaculatus,2010,Least Concern
Speckled Butterflyfish,Chaetodon citrinellus,2010,Least Concern
Meyer's Butterflyfish,Chaetodon meyeri,2010,Least Concern
Dot-Dash Butterflyfish,Chaetodon pelewensis,2010,Least Concern
Multiband Butterflyfish,Chaetodon multicinctus,2010,Least Concern
Milletseed Butterflyfish,Chaetodon miliaris,2010,Least Concern
Raccoon Butterflyfish,Chaetodon lunula,2010,Least Concern
Pacific Double-Saddle Butterflyfish,Chaetodon ulietensis,2010,Least Concern
Panda Butterflyfish,Chaetodon adiergastos,2010,Least Concern
Black-Backed Butterflyfish,Chaetodon melannotus,2010,Least Concern
Blue-Spot Butterflyfish,Chaetodon plebeius,2010,Least Concern
Dotted butterflyfish,Chaetodon semeion,2010,Least Concern
Eclipse Butterflyfish,Chaetodon bennetti,2010,Data Deficient
Ovalspot Butterflyfish,Chaetodon speculum,2010,Least Concern
Teardrop Butterflyfish,Chaetodon unimaculatus,2010,Least Concern
Spot-Nape Butterflyfish,Chaetodon oxycephalus,2010,Least Concern
Latticed Butterflyfish,Chaetodon rafflesii,2010,Least Concern
Eight-Banded Butterflyfish,Chaetodon octofasciatus,2010,Least Concern
Blacklip Butterflyfish,Chaetodon kleinii,2010,Least Concern
Reticulated Butterflyfish,Chaetodon reticulatus,2010,Data Deficient
Threadfin Butterflyfish,Chaetodon auriga,2010,Least Concern
Bluestripe Butterflyfish,Chaetodon fremblii,2010,Least Concern
Threebanded Butterflyfish,Chaetodon humeralis,2010,Least Concern
Pyramid Butterflyfish,Hemitaurichthys polylepis,2010,Least Concern
Blacknosed Butterflyfish,Johnrandallia nigrirostris,2010,Least Concern
Longfin Damselfish,Stegastes diencaeus,2015,Least Concern
Dusky Damselfish,Stegastes adustus,2015,Least Concern
Cocoa Damselfish,Stegastes xanthurus,2015,Least Concern
Beaugregory,Stegastes leucostictus,2015,Least Concern
Bicolor Damselfish,Stegastes partitus,2015,Least Concern
Cortez Damselfish,Stegastes rectifraenum,2010,Least Concern
Beaubrummel,Stegastes flavilatus,2010,Least Concern
Yellowtail Damselfish,Microspathodon chrysurus,2015,Least Concern
Giant Damselfish,Microspathodon dorsalis,2010,Least Concern
Golden Damselfish,Amblyglyphidodon aureus,2017,Least Concern
Staghorn Damselfish,Amblyglyphidodon curacao,2017,Least Concern
White-Belly Damselfish,Amblyglyphidodon leucogaster,2017,Least Concern
Black-Banded Damselfish,Amblypomacentrus breviceps,2017,Least Concern
Sergeant Major,Abudefduf saxatilis,2015,Least Concern
Hawaiian Sergeant,Abudefduf abdominalis,2017,Least Concern
Indo-Pacific Sergeant,Abudefduf vaigiensis,2017,Least Concern
Panamic Sergeant Major,Abudefduf troschelii,2010,Least Concern
Scissortail Sergeant,Abudefduf sexfasciatus,2017,Least Concern
Night Sergeant,Abudefduf taurus,2015,Least Concern
Blackspot Sergeant,Abudefduf sordidus,2017,Least Concern
Blue Chromis,Chromis cyanea,2010,Least Concern
Brown Chromis,Chromis multilineata,2015,Least Concern
Darkfin Chromis,Chromis atripes,2017,Least Concern
Oval Chromis,Chromis alta,2010,Least Concern
Ambon chromis,Chromis amboinensis,2017,Least Concern
Blue-Axil Chromis,Chromis caudalis,2017,Least Concern
Sunshinefish,Chromis insolata,2015,Least Concern
Blue-and-Yellow Chromis,Chromis limbaughi,2010,Least Concern
Scissortail Chromis,Chromis atrilobata,2010,Least Concern
Spiny Chromis,Acanthochromis polyacanthus,2017,Least Concern
Pink Anemonefish,Amphiprion perideraion,2017,Least Concern
Orangefin Anemonefish,Amphiprion sandaracinos,2010,Least Concern
Red And Black Anemonefish,Amphiprion melanopus,2017,Least Concern
Tomato Anemonefish,Amphiprion frenatus,2017,Least Concern
Shy Hamlet,Hypoplectrus guttavarius,2015,Least Concern
Barred Hamlet,Hypoplectrus puella,2015,Least Concern
Butter Hamlet,Hypoplectrus unicolor,2015,Least Concern
Yellowbelly Hamlet,Hypoplectrus aberrans,2015,Least Concern
Blue Hamlet,Hypoplectrus gemma,2015,Least Concern
Indigo Hamlet,Hypoplectrus indigo,2015,Least Concern
Yellowtail Hamlet,Hypoplectrus chlorurus,2015,Least Concern
Black Hamlet,Hypoplectrus nigricans,2015,Least Concern
Tan Hamlet,Hypoplectrus randallorum,2015,Least Concern
Black Jack,Caranx lugubris,2015,Least Concern
Horse-Eye Jack,Caranx latus,2015,Least Concern
Blue Runner,Caranx crysos,2010,Least Concern
Bluefin Trevally,Caranx melampygus,2016,Least Concern
Barcheek Trevally,Carangoides plagiotaenia,2016,Least Concern
Bar Jack,Caranx ruber,2015,Least Concern
Yellow Jack,Caranx bartholomaei,2015,Least Concern
Almaco Jack,Seriola rivoliana,2015,Least Concern
Whitetongue Jack,Uraspis helvola,2015,Least Concern
Rainbow Runner,Elagatis bipinnulata,2015,Least Concern
Permit,Trachinotus falcatus,2015,Least Concern
Palometa,Trachinotus goodei,2010,Least Concern
Gafftopsail Pompano,Trachinotus rhodopus,2010,Least Concern
Dogtooth tuna,Gymnosarda unicolor,2011,Least Concern
Saucereye Porgy,Calamus calamus,2014,Least Concern
Jolthead Porgy,Calamus bajonado,2014,Least Concern
Pluma Porgy,Calamus pennatula,2014,Least Concern
Sheepshead,Archosargus probatocephalus,2014,Least Concern
Yellowfin Mojarra,Gerres cinereus,2015,Least Concern
Brassy Chub,Kyphosus vaigiensis,2015,Least Concern
Topsail Chub,Kyphosus cinerascens,2015,Least Concern
Pacific Chub,Scomber japonicus,2011,Least Concern
Atlantic Spadefish,Chaetodipterus faber,2015,Least Concern
Atlantic Tarpon,Megalops atlanticus,2012,Vulnerable
Great Barracuda,Sphyraena barracuda,2015,Least Concern
Bonefish,Albula vulpes,2012,Near Threatened
Cero,Scomberomorus regalis,2011,Least Concern
Flat Needlefish,Ablennes hians,2015,Least Concern
Redfin Needlefish,Strongylura notata,2015,Least Concern
Ballyhoo,Hemiramphus brasiliensis,2015,Least Concern
Red Hind,Epinephelus guttatus,2018,Least Concern
Red Hind,Epinephelus guttatus,2008,Least Concern
Brown-Marbled Grouper,Epinephelus fuscoguttatus,2018,Vulnerable
Brown-Marbled Grouper,Epinephelus fuscoguttatus,2004,Near Threatened
Honeycomb grouper,Epinephelus merra,2018,Least Concern
Honeycomb grouper,Epinephelus merra,2008,Least Concern
Camouflage Grouper,Epinephelus polyphekadion,2018,Vulnerable
Camouflage Grouper,Epinephelus polyphekadion,2006,Near Threatened
Blacktip Grouper,Epinephelus fasciatus,2018,Least Concern
Blacktip Grouper,Epinephelus fasciatus,2008,Least Concern
Specklefin Grouper,Epinephelus ongus,2018,Least Concern
Specklefin Grouper,Epinephelus ongus,2008,Least Concern
Starry Grouper,Epinephelus labriformis,2018,Least Concern
Starry Grouper,Epinephelus labriformis,2008,Least Concern
Black Grouper,Mycteroperca bonaci,2018,Near Threatened
Black Grouper,Mycteroperca bonaci,2008,Near Threatened
Tiger Grouper,Mycteroperca tigris,2018,Data Deficient
Tiger Grouper,Mycteroperca tigris,2004,Least Concern
Yellowmouth Grouper,Mycteroperca interstitialis,2018,Vulnerable
Yellowmouth Grouper,Mycteroperca interstitialis,2008,Vulnerable
Yellowmouth Grouper,Mycteroperca interstitialis,2007,Vulnerable
Yellowfin Grouper,Mycteroperca venenosa,2018,Near Threatened
Yellowfin Grouper,Mycteroperca venenosa,2004,Near Threatened
Leopard Grouper,Mycteroperca rosacea,2018,Least Concern
Leopard Grouper,Mycteroperca rosacea,2008,Vulnerable
Leopard Grouper,Mycteroperca rosacea,2007,Vulnerable
Leopard Grouper,Mycteroperca rosacea,1996,Vulnerable
Graysby,Cephalopholis cruentata,2018,Least Concern
Graysby,Cephalopholis cruentata,2008,Least Concern
Coney,Cephalopholis fulva,2018,Least Concern
Coney,Cephalopholis fulva,2008,Least Concern
Peacock Grouper,Cephalopholis argus,2018,Least Concern
Peacock Grouper,Cephalopholis argus,2008,Least Concern
Bluespotted Grouper,Cephalopholis cyanostigma,2018,Least Concern
Bluespotted Grouper,Cephalopholis cyanostigma,2008,Least Concern
Harlequin Grouper,Cephalopholis polleni,2018,Least Concern
Harlequin Grouper,Cephalopholis polleni,2008,Least Concern
Flagtail Grouper,Cephalopholis urodeta,2018,Least Concern
Flagtail Grouper,Cephalopholis urodeta,2017,Least Concern
Flagtail Grouper,Cephalopholis urodeta,2008,Least Concern
Leopard Hind,Cephalopholis leopardus,2018,Least Concern
Leopard Hind,Cephalopholis leopardus,2008,Least Concern
Strawberry Grouper,Cephalopholis spiloparaea,2018,Least Concern
Strawberry Grouper,Cephalopholis spiloparaea,2008,Least Concern
Tomato Grouper,Cephalopholis sonnerati,2018,Least Concern
Tomato Grouper,Cephalopholis sonnerati,2008,Least Concern
Coral Grouper,Cephalopholis miniata,2018,Least Concern
Coral Grouper,Cephalopholis miniata,2008,Least Concern
Six-Banded Grouper,Cephalopholis sexmaculata,2018,Least Concern
Six-Banded Grouper,Cephalopholis sexmaculata,2008,Least Concern
Panama Graysby,Cephalopholis panamensis,2018,Least Concern
Panama Graysby,Cephalopholis panamensis,2017,Least Concern
Panama Graysby,Cephalopholis panamensis,2008,Least Concern
Masked grouper,Gracila albomarginata,2018,Least Concern
Masked grouper,Gracila albomarginata,2008,Data Deficient
Atlantic Creolefish,Paranthias furcifer,2018,Least Concern
Atlantic Creolefish,Paranthias furcifer,2008,Least Concern
Pacific creolefish,Paranthias colonus,2018,Least Concern
Pacific creolefish,Paranthias colonus,2017,Least Concern
Pacific creolefish,Paranthias colonus,2008,Least Concern
Baramundi,Cromileptes altivelis,2018,Data Deficient
Baramundi,Cromileptes altivelis,2008,Vulnerable
Baramundi,Cromileptes altivelis,2007,Vulnerable
Baramundi,Cromileptes altivelis,2000,Data Deficient
Slender Grouper,Anyperodon leucogrammicus,2018,Least Concern
Slender Grouper,Anyperodon leucogrammicus,2008,Least Concern
Highfin Coral Grouper,Plectropomus oligacanthus,2018,Least Concern
Highfin Coral Grouper,Plectropomus oligacanthus,2008,Near Threatened
Harlequin Bass,Serranus tigrinus,2010,Least Concern
Tobaccofish,Serranus tabacarius,2015,Least Concern
Chalk Bass,Serranus tortugarum,2015,Least Concern
Lantern Bass,Serranus baldwini,2015,Least Concern
Barred Serrano,Serranus psittacinus,2010,Least Concern
Sand Perch,Diplectrum formosum,2015,Least Concern
Dwarf Sand Perch,Diplectrum bivittatum,2015,Least Concern
Candy Basslet,Liopropoma carmabi,2015,Least Concern
Peppermint Basslet,Liopropoma rubre,2015,Least Concern
Squarespot Anthias,Pseudanthias pleurotaenia,2010,Least Concern
Scalefin Anthias,Pseudanthias squamipinnis,2016,Least Concern
Purple Anthias,Pseudanthias tuka,2016,Least Concern
Purple Queen Anthias,Pseudanthias pascalus,2016,Least Concern
Threadfin Anthias,Pseudanthias huchtii,2016,Least Concern
Hawaiian Longfin Anthias,Pseudanthias hawaiiensis,2016,Least Concern
Hawk Anthias,Serranocirrhitus latus,2016,Least Concern
Greater Soapfish,Rypticus saponaceus,2015,Least Concern
Mottled Soapfish,Rypticus bicolor,2010,Least Concern
Freckled Soapfish,Rypticus bistrispinus,2015,Least Concern
Spotted Soapfish,Rypticus subbifrenatus,2015,Least Concern
Arrowhead Soapfish,Belonoperca chabanaudi,2016,Least Concern
Bearded Soapfish,Pogonoperca punctata,2016,Least Concern
Fairy Basslet,Gramma loreto,2015,Least Concern
Blackcap Basslet,Gramma melacara,2015,Least Concern
French Grunt,Haemulon flavolineatum,2016,Least Concern
Bluestriped Grunt,Haemulon sciurus,2016,Least Concern
Smallmouth Grunt,Haemulon chrysargyreum,2015,Least Concern
White Grunt,Haemulon plumierii,2016,Least Concern
Cottonwick,Haemulon melanurum,2015,Least Concern
Caesar Grunt,Haemulon carbonarium,2015,Least Concern
Spanish Grunt,Haemulon macrostomum,2015,Least Concern
Tomtate,Haemulon aurolineatum,2015,Least Concern
Sailors Choice,Haemulon parra,2015,Least Concern
White Margate,Haemulon album,2016,Data Deficient
Graybar grunt,Haemulon sexfasciatum,2010,Least Concern
Porkfish,Anisotremus virginicus,2015,Least Concern
Panamic Porkfish,Anisotremus taeniatus,2010,Least Concern
Black Margate,Anisotremus surinamensis,2016,Data Deficient
Smalltoothed Jobfish,Aphareus furca,2016,Least Concern
Wavyline Grunt,Microlepidotus inornatus,2010,Least Concern
Yellowtail Snapper,Ocyurus chrysurus,2016,Data Deficient
Schoolmaster Snapper,Lutjanus apodus,2016,Least Concern
Mahogany Snapper,Lutjanus mahogoni,2016,Least Concern
Cubera Snapper,Lutjanus cyanopterus,2016,Vulnerable
Cubera Snapper,Lutjanus cyanopterus,1996,Vulnerable
Gray Snapper,Lutjanus griseus,2016,Least Concern
Dog Snapper,Lutjanus jocu,2016,Data Deficient
Mutton Snapper,Lutjanus analis,2016,Near Threatened
Mutton Snapper,Lutjanus analis,1996,Vulnerable
Lane Snapper,Lutjanus synagris,2016,Near Threatened
Blacktail Snapper,Lutjanus fulvus,2016,Least Concern
Black-Banded Snapper,Lutjanus semicinctus,2016,Least Concern
Checkered Snapper,Lutjanus decussatus,2010,Least Concern
Bluestripe Snapper,Lutjanus kasmira,2016,Least Concern
Blue and Gold Snapper,Lutjanus viridis,2010,Least Concern
Blackfin Snapper,Lutjanus buccanella,2016,Data Deficient
Twospot Snapper,Lutjanus biguttatus,2016,Least Concern
Amarillo Snapper,Lutjanus argentiventris,2010,Least Concern
Midnight Snapper,Macolor macularis,2016,Least Concern
Bridled Monocle Bream,Scolopsis bilineata,2016,Least Concern
Pearly Monocle Bream,Scolopsis margaritifera,2016,Least Concern
Whitestreak Monocle Bream,Scolopsis ciliata,2016,Least Concern
Pale Monocle Bream,Scolopsis affinis,2016,Least Concern
Humpnose Bigeye Bream,Monotaxis grandoculis,2016,Least Concern
Striped Large-Eye Bream,Gnathodentex aureolineatus,2016,Least Concern
Scissortail Fusilier,Caesio caerulaurea,2010,Least Concern
Blue and Yellow Fusilier,Caesio teres,2016,Least Concern
Bluestreak Fusilier,Pterocaesio tile,2016,Least Concern
Ruddy Fusilier,Pterocaesio pisang,2016,Least Concern
Blue Parrotfish,Scarus coeruleus,2012,Least Concern
Blue Parrotfish,Scarus coeruleus,2010,Least Concern
Midnight Parrotfish,Scarus coelestinus,2012,Data Deficient
Midnight Parrotfish,Scarus coelestinus,2010,Data Deficient
Rainbow Parrotfish,Scarus guacamaia,2012,Near Threatened
Rainbow Parrotfish,Scarus guacamaia,2010,Data Deficient
Rainbow Parrotfish,Scarus guacamaia,1996,Vulnerable
Princess Parrotfish,Scarus taeniopterus,2012,Least Concern
Princess Parrotfish,Scarus taeniopterus,2010,Least Concern
Striped Parrotfish,Scarus iseri,2012,Least Concern
Striped Parrotfish,Scarus iseri,2010,Least Concern
Palenose Parrotfish,Scarus psittacus,2012,Least Concern
Palenose Parrotfish,Scarus psittacus,2010,Least Concern
Regal Parrotfish,Scarus dubius,2012,Least Concern
Regal Parrotfish,Scarus dubius,2010,Least Concern
Yellowbar Parrotfish,Scarus schlegeli,2012,Least Concern
Yellowbar Parrotfish,Scarus schlegeli,2010,Least Concern
Redlip Parrotfish,Scarus rubroviolaceus,2012,Least Concern
Redlip Parrotfish,Scarus rubroviolaceus,2010,Least Concern
Blue-Barred Parrotfish,Scarus ghobban,2012,Least Concern
Blue-Barred Parrotfish,Scarus ghobban,2010,Least Concern
Bumphead Parrotfish,Scarus perrico,2012,Least Concern
Bumphead Parrotfish,Scarus perrico,2010,Least Concern
Azure Parrotfish,Scarus compressus,2012,Least Concern
Azure Parrotfish,Scarus compressus,2010,Least Concern
Swarthy Parrotfish,Scarus niger,2012,Least Concern
Swarthy Parrotfish,Scarus niger,2010,Least Concern
Yellowfin Parrotfish,Scarus flavipectoralis,2012,Least Concern
Yellowfin Parrotfish,Scarus flavipectoralis,2010,Least Concern
Stoplight Parrotfish,Sparisoma viride,2012,Least Concern
Stoplight Parrotfish,Sparisoma viride,2010,Least Concern
Redband Parrotfish,Sparisoma aurofrenatum,2012,Least Concern
Redband Parrotfish,Sparisoma aurofrenatum,2010,Least Concern
Yellowtail Parrotfish,Sparisoma rubripinne,2012,Least Concern
Yellowtail Parrotfish,Sparisoma rubripinne,2010,Least Concern
Redtail Parrotfish,Sparisoma chrysopterum,2012,Least Concern
Redtail Parrotfish,Sparisoma chrysopterum,2010,Least Concern
Greenblotch Parrotfish,Sparisoma atomarium,2012,Least Concern
Greenblotch Parrotfish,Sparisoma atomarium,2010,Least Concern
Spotted Parrotfish,Cetoscarus ocellatus,2012,Least Concern
Spotted Parrotfish,Cetoscarus ocellatus,2010,Least Concern
Bullethead Parrotfish,Chlorurus spilurus,2012,Least Concern
Bullethead Parrotfish,Chlorurus spilurus,2010,Least Concern
Bleeker's Parrotfish,Chlorurus bleekeri,2012,Least Concern
Bleeker's Parrotfish,Chlorurus bleekeri,2010,Least Concern
Steephead Parrotfish,Chlorurus microrhinos,2012,Least Concern
Steephead Parrotfish,Chlorurus microrhinos,2010,Least Concern
Green Humphead Parrotfish,Bolbometopon muricatum,2012,Vulnerable
Green Humphead Parrotfish,Bolbometopon muricatum,2007,Vulnerable
Stareye Parrotfish,Calotomus carolinus,2012,Least Concern
Stareye Parrotfish,Calotomus carolinus,2010,Least Concern
Humphead Wrasse,Cheilinus undulatus,2004,Endangered
Humphead Wrasse,Cheilinus undulatus,1996,Vulnerable
Tripletail Wrasse,Cheilinus trilobatus,2010,Least Concern
Redbreasted Wrasse,Cheilinus fasciatus,2010,Least Concern
Pacific Bird Wrasse,Gomphosus varius,2010,Least Concern
Creole Wrasse,Clepticus parrae,2010,Least Concern
Yellowhead Wrasse,Halichoeres garnoti,2010,Least Concern
Puddingwife,Halichoeres radiatus,2010,Least Concern
Goldstripe Wrasse,Halichoeres hartzfeldii,2010,Least Concern
Checkerboard Wrasse,Halichoeres hortulanus,2010,Least Concern
Richmond's Wrasse,Halichoeres richmondi,2010,Least Concern
Red-Lined Wrasse,Halichoeres biocellatus,2010,Least Concern
Ornate Wrasse,Halichoeres ornatissimus,2010,Least Concern
Nebulous Wrasse,Halichoeres nebulosus,2010,Least Concern
Twotone Wrasse,Halichoeres prosopeion,2010,Least Concern
Zigzag Wrasse,Halichoeres scapularis,2010,Least Concern
Canary Wrasse,Halichoeres chrysus,2010,Least Concern
Rainbow Wrasse,Halichoeres pictus,2010,Least Concern
Clown wrasse,Halichoeres maculipinna,2010,Least Concern
Slippery Dick,Halichoeres bivittatus,2010,Least Concern
Chameleon Wrasse,Halichoeres dispilus,2010,Least Concern
Yellowtail Coris,Coris gaimard,2010,Least Concern
Batu coris,Coris batuensis,2010,Least Concern
Yellowstripe Coris,Coris flavovittata,2010,Least Concern
Elegant coris,Coris venusta,2010,Least Concern
Slingjaw Wrasse,Epibulus insidiator,2010,Least Concern
Latent Slingjaw Wrasse,Epibulus brevis,2010,Least Concern
Barred Thicklip,Hemigymnus fasciatus,2010,Least Concern
Blackeye Thicklip,Hemigymnus melapterus,2010,Least Concern
Blacksaddle Tuskfish,Choerodon zosterophorus,2010,Least Concern
Anchor Tuskfish,Choerodon anchorago,2010,Least Concern
Leopard Wrasse,Macropharyngodon meleagris,2010,Least Concern
Shortnose Wrasse,Macropharyngodon geoffroy,2010,Least Concern
Whitespotted Wrasse,Anampses melanurus,2010,Least Concern
Yellowtail Wrasse,Anampses meleagrides,2010,Least Concern
Saddle Wrasse,Thalassoma duperrey,2010,Least Concern
Moon Wrasse,Thalassoma lunare,2010,Least Concern
Ladder Wrasse,Thalassoma trilobatum,2010,Least Concern
Sunset Wrasse,Thalassoma lutescens,2010,Least Concern
Surge Wrasse,Thalassoma purpureum,2010,Least Concern
Cortez Rainbow Wrasse,Thalassoma lucasanum,2010,Least Concern
Belted Wrasse,Stethojulis balteata,2010,Least Concern
Ringtail Wrasse,Oxycheilinus unifasciatus,2010,Least Concern
Twospot Wrasse,Oxycheilinus bimaculatus,2010,Least Concern
Cheeklined Wrasse,Oxycheilinus digramma,2010,Least Concern
Celebes Wrasse,Oxycheilinus celebicus,2010,Least Concern
Dotted Wrasse,Cirrhilabrus punctatus,2010,Least Concern
Lubbock's Wrasse,Cirrhilabrus lubbocki,2010,Least Concern
Bluesided Fairy Wrasse,Cirrhilabrus cyanopleura,2010,Data Deficient
Bluestreak Cleaner Wrasse,Labroides dimidiatus,2010,Least Concern
Bicolor Cleaner Wrasse,Labroides bicolor,2010,Least Concern
Hawaiian Cleaner Wrasse,Labroides phthirophagus,2010,Least Concern
Smalltail Wrasse,Pseudojuloides cerasinus,2010,Data Deficient
Disappearing Wrasse,Pseudocheilinus evanidus,2010,Least Concern
Fourstripe Wrasse,Pseudocheilinus tetrataenia,2010,Least Concern
Sixstripe Wrasse,Pseudocheilinus hexataenia,2010,Least Concern
Eightstripe Wrasse,Pseudocheilinus octotaenia,2010,Least Concern
Cockerel Wrasse,Pteragogus enneacanthus,2010,Least Concern
Cryptic Wrasse,Pteragogus cryptus,2010,Least Concern
Chiseltooth Wrasse,Pseudodax moluccanus,2010,Least Concern
Redshoulder Wrasse,Stethojulis bandanensis,2010,Least Concern
Hogfish,Lachnolaimus maximus,2010,Vulnerable
Hogfish,Lachnolaimus maximus,1996,Vulnerable
Spanish Hogfish,Bodianus rufus,2010,Least Concern
Hawaiian Hogfish,Bodianus albotaeniatus,2010,Least Concern
Diana's Hogfish,Bodianus diana,2010,Least Concern
Blackbelt Hogfish,Bodianus mesothorax,2010,Least Concern
Lyretail Hogfish,Bodianus anthioides,2010,Least Concern
Mexican Hogfish,Bodianus diplotaenia,2010,Least Concern
Cigar Wrasse,Cheilio inermis,2010,Least Concern
Rockmover Wrasse,Novaculichthys taeniourus,2010,Least Concern
Green Razorfish,Xyrichtys splendens,2010,Least Concern
Rosy Razorfish,Xyrichtys martinicensis,2010,Least Concern
Pearly Razorfish,Xyrichtys novacula,2010,Least Concern
Fivefinger Razorfish,Iniistius pentadactylus,2010,Least Concern
Peacock Razorfish,Iniistius pavo,2010,Least Concern
Finspot razorfish,Iniistius melanopus,2010,Least Concern
Whitepatch Razorfish,Iniistius aneitensis,2010,Least Concern
Squirrelfish,Holocentrus adscensionis,2015,Least Concern
Longspine Squirrelfish,Holocentrus rufus,2015,Least Concern
Reef Squirrelfish,Sargocentron coruscum,2015,Least Concern
Longjaw Squirrelfish,Neoniphon marianus,2015,Least Concern
Dusky squirrelfish,Sargocentron vexillarium,2015,Least Concern
Crown Squirrelfish,Sargocentron diadema,2016,Least Concern
Three-Spot Squirrelfish,Sargocentron cornutum,2016,Least Concern
Smallmouth Squirrelfish,Sargocentron microstoma,2016,Least Concern
Pink Squirrelfish,Sargocentron tiereoides,2016,Least Concern
Blackfin Squirrelfish,Neoniphon opercularis,2016,Least Concern
Spotfin Squirrelfish,Neoniphon sammara,2016,Least Concern
Tailspot Squirrelfish,Sargocentron caudimaculatum,2016,Least Concern
Sabre Squirrelfish,Sargocentron spiniferum,2016,Least Concern
Blue Lined Squirrelfish,Sargocentron tiere,2016,Least Concern
Blackbar Soldierfish,Myripristis jacobus,2015,Least Concern
Brick Soldierfish,Myripristis amaena,2016,Least Concern
Whitetip soldierfish,Myripristis vittata,2016,Least Concern
Shadowfin Soldierfish,Myripristis adusta,2016,Least Concern
Bigscale Soldierfish,Myripristis berndti,2016,Least Concern
Epaulette Soldierfish,Myripristis kuntee,2016,Least Concern
Violet Soldierfish,Myripristis violacea,2016,Least Concern
Panamic Soldierfish,Myripristis leiognathus,2010,Least Concern
Glasseye Snapper,Heteropriacanthus cruentatus,2015,Least Concern
Crescent-Tail Bigeye,Priacanthus hamrur,2016,Least Concern
Banggai Cardinalfish,Pterapogon kauderni,2007,Endangered
Pale Cardinalfish,Apogon planifrons,2015,Least Concern
Mimic Cardinalfish,Apogon phenax,2015,Least Concern
Belted cardinalfish,Apogon townsendi,2015,Least Concern
Whitestar Cardinalfish,Apogon lachneri,2015,Least Concern
Flamefish,Apogon maculatus,2015,Least Concern
Ghost Cardinalfish,Nectamia fusca,2010,Least Concern
Peppermint Goby,Coryphopterus lipernes,2015,Vulnerable
Pallid Goby,Coryphopterus eidolon,2015,Vulnerable
Bridled Goby,Coryphopterus glaucofraenum,2015,Least Concern
Goldspot Goby,Gnatholepis cauerensis,2010,Least Concern
Colon Goby,Coryphopterus dicrus,2015,Least Concern
Sharknose Goby,Elacatinus evelynae,2015,Least Concern
Cleaning Goby,Elacatinus genie,2015,Least Concern
Yellownose Goby,Elacatinus randalli,2015,Least Concern
Barsnout Goby,Elacatinus illecebrosus,2015,Least Concern
Linesnout Goby,Elacatinus lori,2015,Least Concern
Spotlight Goby,Elacatinus louisae,2015,Least Concern
Yellowline Goby,Elacatinus horsti,2015,Least Concern
Redhead Goby,Elacatinus puncticulatus,2010,Least Concern
Rusty Goby,Priolepis hipoliti,2015,Least Concern
Tusked goby,Risor ruber,2015,Least Concern
Candycane Pygmygoby,Trimma cana,2016,Least Concern
Redearth Pygmygoby,Trimma milta,2016,Least Concern
Ringeye Pygmygoby,Trimma benjamini,2016,Least Concern
Neon Dwarfgoby,Eviota atriventris,2016,Least Concern
Whitestriped Dwarfgoby,Eviota guttata,2019,Least Concern
Striped Dwarfgoby,Eviota sebreei,2019,Least Concern
Red and Whitespotted Dwarfgoby,Eviota prasites,2016,Least Concern
Twospot Sandgoby,Fusigobius duospilus,2016,Least Concern
Neophyte Sandgoby,Fusigobius neophytus,2016,Least Concern
Isthmus Goby,Arcygobius baliurus,2016,Data Deficient
Gorgeous Shrimpgoby,Amblyeleotris wheeleri,2016,Least Concern
Orange-Dashed Goby,Valenciennea puellaris,2016,Least Concern
Twostripe Goby,Valenciennea helsdingenii,2016,Least Concern
Beautiful Goby,Exyrias belissimus,2016,Least Concern
Orangespotted Sandgoby,Istigobius rigilius,2010,Least Concern
Decorated Sandgoby,Istigobius decoratus,2019,Least Concern
Ornate Sandgoby,Istigobius ornatus,2016,Least Concern
Stony Coral Ghostgoby,Pleurosicya micheli,2016,Least Concern
Wire Coral Goby,Bryaninops yongei,2016,Least Concern
Translucent Coral Goby,Bryaninops erythrops,2016,Least Concern
Large Whip Goby,Bryaninops amplus,2010,Least Concern
Wolfsnout Goby,Luposicya lupus,2016,Least Concern
Hairy Blenny,Labrisomus nuchipinnis,2014,Least Concern
Diamond Blenny,Malacoctenus boehlkei,2014,Least Concern
Goldline Blenny,Malacoctenus aurolineatus,2014,Least Concern
Throatspotted Blenny,Malacoctenus tetranemus,2010,Least Concern
Arrow Blenny,Lucayablennius zingaro,2014,Least Concern
Sailfin Blenny,Emblemaria pandionis,2014,Least Concern
Spinyhead Blenny,Acanthemblemaria spinosa,2014,Least Concern
Roughhead Blenny,Acanthemblemaria aspera,2014,Least Concern
Secretary Blenny,Acanthemblemaria maria,2014,Least Concern
Mexican Barnacle blenny,Acanthemblemaria macrospilus,2010,Least Concern
Flagfin Blenny,Emblemariopsis signifer,2010,Least Concern
Redlip Blenny,Ophioblennius atlanticus,2014,Least Concern
Panamic Fanged Blenny,Ophioblennius steindachneri,2014,Least Concern
Panamic Fanged Blenny,Ophioblennius steindachneri,2010,Least Concern
Piano Fangblenny,Plagiotremus tapeinosoma,2014,Least Concern
Gosline's Fangblenny,Plagiotremus goslinei,2014,Least Concern
Bicolour fangblenny,Plagiotremus laudandus,2014,Least Concern
Fiji Fangblenny,Plagiotremus flavus,2014,Least Concern
Bluestriped Fangblenny,Plagiotremus rhinorhynchos,2014,Least Concern
Sabertooth Blenny,Plagiotremus azaleus,2010,Least Concern
Striped Fangblenny,Meiacanthus grammistes,2014,Least Concern
Shorthead Fangblenny,Petroscirtes breviceps,2014,Least Concern
Slender Sabretooth Blenny,Aspidontus dussumieri,2014,Least Concern
Comical Coralblenny,Ecsenius opsifrontalis,2014,Least Concern
Fiji Clown Coralblenny,Ecsenius fijiensis,2014,Least Concern
Pictus Coralblenny,Ecsenius pictus,2014,Least Concern
Yaeyama Coralblenny,Ecsenius yaeyamaensis,2014,Least Concern
Leopard Blenny,Exallias brevis,2014,Least Concern
Jewelled blenny,Salarias fasciatus,2014,Least Concern
Starry Blenny,Salarias ramosus,2014,Least Concern
Segmented Blenny,Salarias segmentatus,2014,Least Concern
Gargantuan Blenny,Cirripectes obscurus,2014,Least Concern
Barnaclebill Blenny,Hypsoblennius brevipinnis,2010,Least Concern
Roughhead Triplefin,Enneanectes boehlkei,2014,Least Concern
Striped Triplefin,Helcogramma striata,2010,Least Concern
Largemouth Triplefin,Ucla xenogrammus,2014,Least Concern
Lizard Triplefin,Crocodilichthys gracilis,2010,Least Concern
Fire Dartfish,Nemateleotris magnifica,2010,Least Concern
Decorated Dartfish,Nemateleotris decora,2016,Least Concern
Twotone Dartfish,Ptereleotris evides,2016,Least Concern
Yellowhead Jawfish,Opistognathus aurifrons,2015,Least Concern
Banded Jawfish,Opistognathus macrognathus,2015,Least Concern
Sand Diver,Synodus intermedius,2015,Least Concern
Bluestriped Lizardfish,Synodus saurus,2010,Least Concern
Reef Lizardfish,Synodus variegatus,2016,Least Concern
Redmarbled Lizardfish,Synodus rubromarmoratus,2016,Least Concern
Clearfin Lizardfish,Synodus dermatogenys,2016,Least Concern
Twospot Lizardfish,Synodus binotatus,2016,Least Concern
Slender Lizardfish,Saurida gracilis,2016,Least Concern
Orangemouth Lizardfish,Saurida flamma,2016,Least Concern
Hawaiian Lizardfish,Synodus ulae,2016,Least Concern
Threadfin Sand Diver,Trichonotus elegans,2016,Least Concern
Sand Tilefish,Malacanthus plumieri,2015,Least Concern
Redspotted Hawkfish,Amblycirrhitus pinos,2015,Least Concern
Marbled Hawkfish,Cirrhitus pinnulatus,2016,Least Concern
Giant Hawkfish,Cirrhitus rivulatus,2010,Least Concern
Spotted Hawkfish,Cirrhitichthys aprinus,2016,Least Concern
Pixy Hawkfish,Cirrhitichthys oxycephalus,2016,Least Concern
Dwarf hawkfish,Cirrhitichthys falco,2016,Least Concern
Arc-Eye Hawkfish,Paracirrhites arcatus,2016,Least Concern
Freckled Hawkfish,Paracirrhites forsteri,2016,Least Concern
Longnose Hawkfish,Oxycirrhites typus,2016,Least Concern
Redbarred Hawkfish,Cirrhitops fasciatus,2016,Least Concern
Thorny Flathead,Rogadius pristiger,2016,Least Concern
Dragon Sea Moth,Eurypegasus draconis,2017,Least Concern
Dragon Sea Moth,Eurypegasus draconis,2010,Data Deficient
Dragon Sea Moth,Eurypegasus draconis,1996,Data Deficient
Peacock Flounder,Bothus lunatus,2015,Least Concern
Eyed Flounder,Bothus ocellatus,2015,Least Concern
Leopard Flounder,Bothus pantherinus,2016,Least Concern
Flowery flounder,Bothus mancus,2010,Least Concern
Pacific Leopard Flounder,Bothus leopardinus,2010,Least Concern
Channel Flounder,Syacium micrurum,2015,Least Concern
Banded Sole,Soleichthys heterorhinos,2016,Least Concern
Doubleline Clingfish,Lepadichthys lineatus,2018,Least Concern
Splendid Toadfish,Sanopus splendidus,2015,Endangered
Splendid Toadfish,Sanopus splendidus,1996,Vulnerable
Whitespotted Toadfish,Sanopus astrifer,2015,Vulnerable
Whitespotted Toadfish,Sanopus astrifer,1996,Vulnerable
Shortnose Batfish,Ogcocephalus nasutus,2015,Least Concern
Striated Frogfish,Antennarius striatus,2015,Least Concern
Spotfin Frogfish,Antennatus nummifer,2015,Least Concern
Helmut Gurnard,Dactyloptena orientalis,2016,Least Concern
Spotwing Flying Gurnard,Dactyloptena macracantha,2018,Least Concern
Spotfin Lionfish,Pterois antennata,2016,Least Concern
Clearfin Lionfish,Pterois radiata,2016,Least Concern
False Mombasa Lionfish,Pterois paucispinula,2016,Least Concern
Hawaiian Red Lionfish,Pterois sphex,2016,Least Concern
Shortfin Lionfish,Dendrochirus brachypterus,2016,Least Concern
Zebra Lionfish,Dendrochirus zebra,2016,Least Concern
Twinspot Lionfish,Dendrochirus biocellatus,2016,Least Concern
Spotted Scorpionfish,Scorpaena plumieri,2015,Least Concern
Reef Scorpionfish,Scorpaenodes caribbaeus,2015,Least Concern
Mushroom Scorpionfish,Scorpaena inermis,2015,Least Concern
Pacific Spotted Scorpionfish,Scorpaena mystes,2010,Least Concern
Flasher Scorpionfish,Scorpaenopsis macrochir,2016,Least Concern
Raggy Scorpionfish,Scorpaenopsis venosa,2016,Least Concern
Titan Scorpionfish,Scorpaenopsis cacopsis,2016,Data Deficient
Ambon Scorpionfish,Pteroidichthys amboinensis,2016,Least Concern
Leaf Scorpionfish,Taenianotus triacanthus,2016,Least Concern
Shortfin Scorpionfish,Scorpaenodes parvipinnis,2016,Least Concern
Barchin Scorpionfish,Sebastapistes strongia,2016,Least Concern
Speckled Scorpionfish,Sebastapistes coniorta,2016,Near Threatened
Estuarine Stonefish,Synanceia horrida,2018,Least Concern
Longspined Waspfish,Paracentropogon longispinis,2018,Least Concern
Whiteface Waspfish,Richardsonichthys leucogaster,2018,Least Concern
Queen Triggerfish,Balistes vetula,2015,Near Threatened
Queen Triggerfish,Balistes vetula,1996,Vulnerable
Finescale Triggerfish,Balistes polylepis,2010,Least Concern
Ocean Triggerfish,Canthidermis sufflamen,2015,Least Concern
Sargassum Triggerfish,Xanthichthys ringens,2015,Least Concern
Black Durgon,Melichthys niger,2015,Least Concern
Orangeside Triggerfish,Sufflamen verres,2010,Least Concern
Scrawled Filefish,Aluterus scriptus,2015,Least Concern
Rhino Filefish,Pseudalutarius nasicornis,2016,Least Concern
Whitespotted Filefish,Cantherhines macrocerus,2015,Least Concern
Yelloweye Filefish,Cantherhines dumerilii,2016,Least Concern
Spectacled Filefish,Cantherhines fronticinctus,2016,Least Concern
Wirenet Filefish,Cantherhines pardalis,2016,Least Concern
Orangespotted Filefish,Cantherhines pullus,2015,Least Concern
Strapweed Filefish,Pseudomonacanthus macrurus,2019,Least Concern
Blackheaded Filefish,Pervagor melanocephalus,2016,Least Concern
Orangetail Filefish,Pervagor aspricaudus,2016,Least Concern
Fantail Filefish,Pervagor spilosoma,2016,Least Concern
Slender Filefish,Monacanthus tuckeri,2015,Least Concern
Mimic Filefish,Paraluteres prionurus,2016,Least Concern
Longnose Filefish,Oxymonacanthus longirostris,2016,Vulnerable
Scrawled Cowfish,Acanthostracion quadricornis,2015,Least Concern
Honeycomb Cowfish,Acanthostracion polygonius,2015,Least Concern
Smooth Trunkfish,Lactophrys triqueter,2015,Least Concern
Spotted Trunkfish,Lactophrys bicaudalis,2015,Least Concern
Buffalo Trunkfish,Lactophrys trigonus,2015,Least Concern
Balloonfish,Diodon holocanthus,2015,Least Concern
Spotfin Burrfish,Chilomycterus reticulatus,2015,Least Concern
Bridled Burrfish,Chilomycterus antennatus,2015,Least Concern
Web Burrfish,Chilomycterus antillarum,2015,Least Concern
Blackspotted Puffer,Arothron nigropunctatus,2014,Least Concern
Whitespotted Puffer,Arothron hispidus,2014,Least Concern
Reticulated pufferfish,Arothron reticularis,2014,Least Concern
Blue-Spotted Puffer,Arothron caeruleopunctatus,2014,Least Concern
Map Puffer,Arothron mappa,2014,Least Concern
Star Puffer,Arothron stellatus,2014,Least Concern
Striped Puffer,Arothron manilensis,2014,Least Concern
Immaculate Puffer,Arothron immaculatus,2014,Least Concern
Sharpnose Puffer,Canthigaster rostrata,2014,Least Concern
Papuan Toby,Canthigaster papua,2014,Least Concern
Fingerprint Toby,Canthigaster compressa,2014,Least Concern
Black-Saddled Toby,Canthigaster valentini,2014,Least Concern
Pacific Crown Toby,Canthigaster axiologus,2014,Least Concern
Hawaiian Crown Toby,Canthigaster coronata,2014,Least Concern
Whitebelly Toby,Canthigaster bennetti,2014,Least Concern
Honeycomb Toby,Canthigaster janthinoptera,2014,Least Concern
Spotted Sharpnosed Puffer,Canthigaster punctatissima,2010,Least Concern
Hawaiian Whitespotted Toby,Canthigaster jactator,2014,Least Concern
Ambon Toby,Canthigaster amboinensis,2014,Least Concern
Lantern Toby,Canthigaster epilampra,2014,Least Concern
Bandtail Puffer,Sphoeroides spengleri,2014,Least Concern
Checkered Puffer,Sphoeroides testudineus,2014,Least Concern
Spotted Drum,Equetus punctatus,2015,Least Concern
Jackknife Fish,Equetus lanceolatus,2015,Least Concern
High Hat,Pareques acuminatus,2015,Least Concern
Cubbyu,Pareques umbrosus,2015,Least Concern
Spotted Goatfish,Pseudupeneus maculatus,2015,Least Concern
Yellow Goatfish,Mulloidichthys martinicus,2015,Least Concern
Yellowfin Goatfish,Mulloidichthys vanicolensis,2016,Least Concern
Yellowstripe Goatfish,Mulloidichthys flavolineatus,2016,Least Concern
Mexican Goatfish,Mulloidichthys dentatus,2010,Least Concern
Manybar Goatfish,Parupeneus multifasciatus,2010,Least Concern
Sidespot Goatfish,Parupeneus pleurostigma,2016,Least Concern
Longbarbel Goatfish,Parupeneus macronemus,2016,Least Concern
Island Goatfish,Parupeneus insularis,2016,Least Concern
Whitesaddle Goatfish,Parupeneus porphyreus,2016,Near Threatened
Dash-Dot Goatfish,Parupeneus barberinus,2016,Least Concern
Freckled Goatfish,Upeneus tragula,2016,Least Concern
Indian goatfish,Parupeneus indicus,2016,Least Concern
Razorfish,Aeoliscus strigatus,2016,Data Deficient
Rigid Shrimpfish,Centriscus scutatus,2016,Least Concern
Pacific Trumpetfish,Aulostomus chinensis,2015,Least Concern
Bluespotted Cornetfish,Fistularia commersonii,2016,Least Concern
Glassy Sweeper,Pempheris schomburgkii,2015,Least Concern
Sharksucker,Echeneis naucrates,2015,Least Concern
Whitefin Sharksucker,Echeneis neucratoides,2015,Data Deficient
Thorny seahorse,Hippocampus histrix,2017,Vulnerable
Thorny seahorse,Hippocampus histrix,2012,Vulnerable
Thorny seahorse,Hippocampus histrix,2002,Data Deficient
Common Seahorse,Hippocampus kuda,2014,Vulnerable
Common Seahorse,Hippocampus kuda,2003,Vulnerable
Common Seahorse,Hippocampus kuda,1996,Vulnerable
Smooth Seahorse,Hippocampus trimaculatus,2015,Vulnerable
Smooth Seahorse,Hippocampus trimaculatus,2003,Vulnerable
Smooth Seahorse,Hippocampus trimaculatus,1996,Vulnerable
Pacific Seahorse,Hippocampus ingens,2017,Vulnerable
Pacific Seahorse,Hippocampus ingens,2012,Vulnerable
Pacific Seahorse,Hippocampus ingens,2003,Vulnerable
Pacific Seahorse,Hippocampus ingens,1996,Vulnerable
Pygmy Seahorse,Hippocampus bargibanti,2017,Data Deficient
Pygmy Seahorse,Hippocampus bargibanti,2003,Data Deficient
Pygmy Seahorse,Hippocampus bargibanti,1996,Data Deficient
Pontoh's Pygmy Seahorse,Hippocampus pontohi,2017,Least Concern
Ornate Ghost Pipefish,Solenostomus paradoxus,2016,Least Concern
Robust Ghost Pipefish,Solenostomus cyanopterus,2016,Least Concern
Shortfin Pipefish,Cosmocampus elucens,2017,Least Concern
Shortfin Pipefish,Cosmocampus elucens,2016,Least Concern
Shortfin Pipefish,Cosmocampus elucens,2010,Least Concern
Harlequin Pipefish,Micrognathus crinitus,2015,Least Concern
Naia Pipefish,Dunckerocampus naia,2017,Least Concern
Network Pipefish,Corythoichthys flavofasciatus,2017,Least Concern
Brown-banded Pipefish,Corythoichthys amplexus,2016,Least Concern
Brown-banded Pipefish,Corythoichthys amplexus,2010,Least Concern
Thread Pipefish,Kyonemichthys rumengani,2016,Least Concern
Short-Tailed Pipefish,Trachyrhamphus bicoarctatus,2016,Least Concern
Shortnose Pipefish,Micrognathus andersonii,2016,Least Concern
Mushroom Coral Pipefish,Siokunichthys nigrolineatus,2017,Data Deficient
Mushroom Coral Pipefish,Siokunichthys nigrolineatus,2010,Least Concern
Winged Pipefish,Halicampus macrorhynchus,2016,Least Concern
Shortpouch Pygmy Pipehorse,Acentronura tentaculata,2016,Least Concern
Double-Ended Pipefish,Syngnathoides biaculeatus,2017,Least Concern
Double-Ended Pipefish,Syngnathoides biaculeatus,2008,Data Deficient
Double-Ended Pipefish,Syngnathoides biaculeatus,1996,Data Deficient
Ribbon Moray Eel,Rhinomuraena quaesita,2010,Least Concern
Green Moray Eel,Gymnothorax funebris,2015,Least Concern
Panamic Green Moray Eel,Gymnothorax castaneus,2010,Least Concern
Goldentail Moray Eel,Gymnothorax miliaris,2015,Least Concern
Yellowmargin Moray Eel,Gymnothorax flavimarginatus,2019,Least Concern
Giant Moray Eel,Gymnothorax javanicus,2019,Least Concern
Masked Moray Eel,Gymnothorax breedeni,2019,Least Concern
Laced moray Eel,Gymnothorax favagineus,2019,Least Concern
Whitemouth Moray Eel,Gymnothorax meleagris,2019,Least Concern
White-Eyed Moray Eel,Gymnothorax thyrsoideus,2019,Least Concern
Fimbriated Moray Eel,Gymnothorax fimbriatus,2019,Least Concern
Undulated Moray Eel,Gymnothorax undulatus,2019,Least Concern
Dwarf Moray Eel,Gymnothorax melatremus,2019,Least Concern
Stout Moray Eel,Gymnothorax eurostus,2019,Least Concern
Purplemouth Moray Eel,Gymnothorax vicinus,2015,Least Concern
Whitelip Moray Eel,Gymnothorax chilospilus,2019,Least Concern
Barredfin Moray Eel,Gymnothorax zonipectis,2019,Least Concern
White-Margined Moray Eel,Gymnothorax albimarginatus,2019,Least Concern
Chain Moray Eel,Echidna catenata,2015,Least Concern
Snowflake Moray Eel,Echidna nebulosa,2019,Least Concern
Barred Moray Eel,Echidna polyzona,2019,Least Concern
Chestnut Moray Eel,Enchelycore carychroa,2015,Least Concern
Viper Moray Eel,Enchelycore nigricans,2015,Least Concern
Tiger Snake Moray Eel,Scuticaria tigrina,2019,Least Concern
Zebra Moray Eel,Gymnomuraena zebra,2019,Least Concern
Blotched Moray Eel,Uropterygius fasciolatus,2019,Least Concern
Sharptail Eel,Myrichthys breviceps,2015,Least Concern
Goldspotted Eel,Myrichthys ocellatus,2015,Least Concern
Black-Finned Snake Eel,Ophichthus altipennis,2010,Least Concern
Hawaiian Conger Eel,Conger marginatus,2019,Data Deficient
Scheele's Conger Eel,Ariosoma scheelei,2019,Least Concern
Brown Garden Eel,Heteroconger longissimus,2015,Least Concern
Barnes Garden Eel,Gorgasia barnesi,2019,Least Concern
Spotted Garden Eel,Heteroconger hassi,2019,Least Concern
Taylor's Garden Eel,Heteroconger taylori,2010,Data Deficient
Banded Garden Eel,Heteroconger polyzona,2019,Least Concern
Caribbean Whiptail Stingray,Himantura schmardae,2006,Data Deficient
Blue-Spotted Stingray,Neotrygon kuhlii,2018,Data Deficient
Bluespotted Ribbontail Ray,Taeniura lymma,2009,Near Threatened
Bluespotted Ribbontail Ray,Taeniura lymma,2000,Lower Risk/near threatened
Cowtail Stingray,Pastinachus sephen,2017,Near Threatened
Yellow Stingray,Urobatis jamaicensis,2006,Least Concern
Reef Stingray,Urobatis concentricus,2006,Data Deficient
Lesser Electric Ray,Narcine brasiliensis,2007,Data Deficient
Gray Reef Shark,Carcharhinus amblyrhynchos,2009,Near Threatened
Gray Reef Shark,Carcharhinus amblyrhynchos,2000,Lower Risk/near threatened
Tawny Nurse Shark,Nebrius ferrugineus,2003,Vulnerable
Whitetip Reef Shark,Triaenodon obesus,2009,Near Threatened
Whitetip Reef Shark,Triaenodon obesus,2000,Lower Risk/near threatened
Spotted Spiny Lobster,Panulirus guttatus,2011,Least Concern
Red Banded Lobster,Justitia longimanus,2011,Data Deficient
Banded Spiny Lobster,Panulirus marginatus,2011,Data Deficient
Pronghorn Spiny Lobster,Panulirus penicillatus,2011,Least Concern
Stripe-Leg Spiny Lobster,Panulirus femoristriga,2011,Least Concern
Blue Spiny Lobster,Panulirus inflatus,2011,Least Concern
Red Reef Lobster,Enoplometopus occidentalis,2011,Least Concern
Sculptured Slipper Lobster,Parribacus antarcticus,2011,Least Concern
Small Spanish Lobster,Arctides guineensis,2011,Least Concern
Spanish Lobster,Scyllarides aequinoctialis,2011,Least Concern
Blunt Slipper Lobster,Scyllarides squammosus,2011,Least Concern
Striated Cone,Conus striatus,2013,Least Concern
Marbled Cone,Conus marmoreus,2013,Least Concern
Berry's Bobtail Squid,Euprymna berryi,2012,Data Deficient
Tropical Bottletail Squid,Sepiadarium kochi,2012,Least Concern
Flamboyant Cuttlefish,Metasepia pfefferi,2012,Data Deficient
Common Octopus,Octopus vulgaris,2018,Least Concern
Greater Blue-Ringed Octopus,Hapalochlaena lunulata,2018,Least Concern
Day Octopus,Octopus cyanea,2018,Least Concern
Coconut Octopus,Amphioctopus marginatus,2018,Least Concern
Poison Ocellate Octopus,Amphioctopus siamensis,2018,Least Concern
Mosaic Octopus,Abdopus abaculus,2018,Data Deficient
Giant Giant Clam,Tridacna gigas,1996,Vulnerable
Giant Giant Clam,Tridacna gigas,1994,Vulnerable
Giant Giant Clam,Tridacna gigas,1990,Vulnerable
Giant Giant Clam,Tridacna gigas,1988,Vulnerable
Giant Giant Clam,Tridacna gigas,1986,Vulnerable
Giant Giant Clam,Tridacna gigas,1983,Vulnerable
Smooth Giant Clam,Tridacna derasa,1996,Vulnerable
Smooth Giant Clam,Tridacna derasa,1994,Vulnerable
Smooth Giant Clam,Tridacna derasa,1990,Vulnerable
Smooth Giant Clam,Tridacna derasa,1988,Vulnerable
Smooth Giant Clam,Tridacna derasa,1986,Vulnerable
Smooth Giant Clam,Tridacna derasa,1983,Vulnerable
Crocus Giant Clam,Tridacna crocea,1996,Lower Risk/least concern
Crocus Giant Clam,Tridacna crocea,1994,Insufficiently Known
Crocus Giant Clam,Tridacna crocea,1990,Insufficiently Known
Crocus Giant Clam,Tridacna crocea,1988,Insufficiently Known
Crocus Giant Clam,Tridacna crocea,1986,Insufficiently Known
Crocus Giant Clam,Tridacna crocea,1983,Insufficiently Known
Flutted Giant Clam,Tridacna squamosa,1996,Lower Risk/conservation dependent
Flutted Giant Clam,Tridacna squamosa,1994,Indeterminate
Flutted Giant Clam,Tridacna squamosa,1990,Indeterminate
Flutted Giant Clam,Tridacna squamosa,1988,Indeterminate
Flutted Giant Clam,Tridacna squamosa,1986,Indeterminate
Flutted Giant Clam,Tridacna squamosa,1983,Indeterminate
Maxima Giant Clam,Tridacna maxima,1996,Lower Risk/conservation dependent
Maxima Giant Clam,Tridacna maxima,1994,Insufficiently Known
Maxima Giant Clam,Tridacna maxima,1990,Insufficiently Known
Maxima Giant Clam,Tridacna maxima,1988,Insufficiently Known
Maxima Giant Clam,Tridacna maxima,1986,Insufficiently Known
Maxima Giant Clam,Tridacna maxima,1983,Insufficiently Known
Hippopus Clam,Hippopus hippopus,1996,Lower Risk/conservation dependent
Hippopus Clam,Hippopus hippopus,1994,Indeterminate
Hippopus Clam,Hippopus hippopus,1990,Indeterminate
Hippopus Clam,Hippopus hippopus,1988,Indeterminate
Hippopus Clam,Hippopus hippopus,1986,Indeterminate
Hippopus Clam,Hippopus hippopus,1983,Indeterminate
Three-Rowed Sea Cucumber,Isostichopus badionotus,2013,Least Concern
Furry Sea Cucumber,Astichopus multifidus,2013,Least Concern
Conical Sea Cucumber,Eostichopus arnesoni,2013,Data Deficient
Donkey Dung Sea Cucumber,Holothuria mexicana,2013,Least Concern
Tiger Tail Sea Cucumber,Holothuria thomasi,2013,Least Concern
Florida Sea Cucumber,Holothuria floridana,2013,Least Concern
Pineapple Sea Cucumber,Thelenota ananas,2013,Endangered
Leopard Sea Cucumber,Bohadschia argus,2013,Least Concern
Plump Sea Cucumber,Actinopyga obesa,2013,Data Deficient
Paradoxical Sea Cucumber,Bohadschia paradoxa,2013,Data Deficient
Whitespotted Sea Cucumber,Actinopyga varians,2013,Data Deficient
White-rumped Sea Cucumber,Actinopyga lecanora,2013,Data Deficient
Hairy Blackfish Sea Cucumber,Actinopyga miliaris,2013,Vulnerable
Teated Sea Cucumber,Holothuria whitmaei,2013,Endangered
White Teatfish,Holothuria fuscogilva,2013,Vulnerable
Black Sea Cucumber,Holothuria atra,2013,Least Concern
Greenfish Sea Cucumber,Stichopus chloronotus,2013,Least Concern
Dragonfish Sea Cucumber,Stichopus horrens,2013,Data Deficient
Graeffe's Sea Cucumber,Pearsonothuria graeffei,2013,Least Concern
Giant Sea Cucumber,Thelenota anax,2013,Data Deficient
Elephant Trunkfish,Holothuria fuscopunctata ,2013,Least Concern
Brown Curryfish Sea Cucumber,Stichopus vastus,2013,Least Concern
Volcano Sea Cucumber,Holothuria turriscelsa,2013,Least Concern
Difficult Sea Cucumber,Holothuria difficilis,2013,Least Concern
Light-Spotted Sea Cucumber,Holothuria hilla,2013,Least Concern
Branching Fire Coral,Millepora alcicornis,2008,Least Concern
Blade Fire Coral,Millepora Complanata,2008,Least Concern
Staghorn Coral,Acropora cervicornis,2008,Critically Endangered
Clubtip Finger Coral,Porites porites,2008,Least Concern
Branched Finger Coral,Porites furcata,2008,Least Concern
Thin Finger Coral,Porites divaricata,2008,Least Concern
Pillar Coral,Dendrogyra cylindrus,2008,Vulnerable
Diffuse Ivory Bush Coral,Oculina diffusa,2008,Least Concern
Ten-Ray Star Coral,Madracis decactis,2008,Least Concern
Lobed Star Coral,Montastraea annularis,2008,Endangered
Mountainous Star Coral,Montastraea faveolata,2008,Endangered
Boulder Star Coral,Montastraea franksi,2008,Vulnerable
Great Star Coral,Montastraea cavernosa,2008,Least Concern
Golfball Coral,Favia fragum,2008,Least Concern
Mustard Hill Coral,Porites astreoides,2008,Least Concern
Massive Starlet Coral,Siderastrea siderea,2008,Least Concern
Lesser Starlet Coral,Siderastrea radians,2008,Least Concern
Symmetrical Brain Coral,Diploria strigosa,2008,Least Concern
Knobby Brain Coral,Diploria clivosa,2008,Least Concern
Boulder Brain Coral,Colpophyllia natans,2008,Least Concern
Maze Coral,Meandrina meandrites,2008,Least Concern
Rose Coral,Manicina areolata,2008,Least Concern
Whitestar Sheet Coral,Agaricia lamarcki,2008,Vulnerable
Fragile Saucer Coral,Agaricia fragilis,2008,Data Deficient
Dimpled Sheet Coral,Agaricia grahamae,2008,Least Concern
Low Relief Lettuce Coral,Agaricia humilis,2008,Least Concern
Thin Leaf Lettuce Coral,Agaricia tenuifolia,2008,Near Threatened
Ridged Cactus Coral,Mycetophyllia lamarckiana,2008,Least Concern
Knobby Cactus Coral,Mycetophyllia aliciae,2008,Least Concern
Rough Cactus Coral,Mycetophyllia ferox,2008,Vulnerable
Rough Star Coral,Isophyllastrea rigida,2008,Least Concern
Atlantic Mushroom Coral,Scolymia lacera,2008,Least Concern
Spiny Flower Coral,Mussa angulosa,2008,Least Concern
Antler Coral,Pocillopora eydouxi,2014,Near Threatened
Antler Coral,Pocillopora eydouxi,2008,Near Threatened
Cauliflower Coral,Pocillopora meandrina,2014,Least Concern
Cauliflower Coral,Pocillopora meandrina,2008,Least Concern
Needle Coral,Seriatopora hystrix,2014,Least Concern
Needle Coral,Seriatopora hystrix,2008,Least Concern
Acropora subulata,Acropora subulata,2008,Least Concern
Rice Coral,Montipora capitata,2008,Near Threatened
Leptoseris explanata,Leptoseris explanata,2014,Least Concern
Leptoseris explanata,Leptoseris explanata,2008,Least Concern
Acanthastrea lordhowensis,Acanthastrea lordhowensis,2008,Near Threatened
Symphyllia radians,Symphyllia radians,2008,Least Concern
Button Coral,Cynarina lacrymalis,2008,Near Threatened
Common Mushroom Coral,Fungia fungites,2014,Near Threatened
Common Mushroom Coral,Fungia fungites,2008,Near Threatened
Fungia concinna,Fungia concinna,2014,Least Concern
Fungia concinna,Fungia concinna,2008,Least Concern
Common Razor Coral,Fungia scutaria,2014,Least Concern
Common Razor Coral,Fungia scutaria,2008,Least Concern
Granular Razor Coral,Fungia granulosa,2014,Least Concern
Granular Razor Coral,Fungia granulosa,2008,Least Concern
Ctenactis echinata,Ctenactis echinata,2014,Least Concern
Ctenactis echinata,Ctenactis echinata,2008,Least Concern
Ctenactis albitentaculata,Ctenactis albitentaculata,2014,Near Threatened
Ctenactis albitentaculata,Ctenactis albitentaculata,2008,Near Threatened
Herpolitha limax,Herpolitha limax,2014,Least Concern
Herpolitha limax,Herpolitha limax,2008,Least Concern
Polyphyllia talpina,Polyphyllia talpina,2014,Least Concern
Polyphyllia talpina,Polyphyllia talpina,2008,Least Concern
Lithophyllon undulatum,Lithophyllon undulatum,2008,Near Threatened
Pectinia paeonia,Pectinia paeonia,2014,Near Threatened
Pectinia paeonia,Pectinia paeonia,2008,Near Threatened
Common Lettuce Coral,Pectinia lactuca,2008,Vulnerable
Bubble Coral,Plerogyra sinuosa,2014,Near Threatened
Bubble Coral,Plerogyra sinuosa,2008,Near Threatened
Pearl Bubble Coral,Physogyra lichtensteini,2014,Vulnerable
Pearl Bubble Coral,Physogyra lichtensteini,2008,Vulnerable
Anchor Coral,Euphyllia ancora,2008,Vulnerable
Blue-Lipped Sea krait,Laticauda laticaudata,2010,Least Concern
Short-Finned Pilot Whale,Globicephala macrorhynchus,2018,Least Concern
Short-Finned Pilot Whale,Globicephala macrorhynchus,2011,Data Deficient
Short-Finned Pilot Whale,Globicephala macrorhynchus,2008,Data Deficient
Short-Finned Pilot Whale,Globicephala macrorhynchus,1996,Lower Risk/conservation dependent
Short-Finned Pilot Whale,Globicephala macrorhynchus,1994,Insufficiently Known
Blue Angelfish,Holacanthus bermudensis,2010,Least Concern
King Angelfish,Holacanthus passer,2010,Least Concern
Clarion Angelfish,Holacanthus clarionensis,2010,Vulnerable
Rock Beauty,Holacanthus tricolor,2010,Least Concern
Regal Angelfish,Pygoplites diacanthus,2010,Least Concern
Black-Spot Angelfish,Genicanthus melanospilos,2010,Least Concern
Blackstriped Angelfish,Genicanthus lamarck,2010,Least Concern
Gray Angelfish,Pomacanthus arcuatus,2010,Least Concern
Semicircle Angelfish,Pomacanthus semicirculatus,2010,Least Concern
Six-Banded Angelfish,Pomacanthus sexstriatus,2010,Least Concern
Cortez Angelfish,Pomacanthus zonipectus,2010,Least Concern
Emperor Angelfish,Pomacanthus imperator,2010,Least Concern
Yellow-Mask Angelfish,Pomacanthus xanthometopon,2010,Least Concern
Bluegirdled Angelfish,Pomacanthus navarchus,2010,Least Concern
Threespot Angelfish,Apolemichthys trimaculatus,2010,Least Concern
Multibarred Angelfish,Paracentropyge multifasciata,2010,Least Concern
Vermiculated Angelfish,Chaetodontoplus mesoleucus,2010,Least Concern
Cherubfish,Centropyge argi,2010,Least Concern
Keyhole Angelfish,Centropyge tibicen,2010,Least Concern
Bicolor angelfish,Centropyge bicolor,2010,Least Concern
Lemonpeel Angelfish,Centropyge flavissima,2010,Least Concern
Pearl-Scaled Angelfish,Centropyge vrolikii,2010,Least Concern
Two-Spined Angelfish,Centropyge bispinosa,2010,Least Concern
Flame Angelfish,Centropyge loricula,2010,Least Concern
Potter's Angelfish,Centropyge potteri,2010,Least Concern
Pacific Sailfin Tang,Zebrasoma veliferum,2012,Least Concern
Yellow Tang,Zebrasoma flavescens,2012,Least Concern
Brushtail Tang,Zebrasoma scopas,2012,Least Concern
Ocean Surgeonfish,Acanthurus bahianus,2012,Least Concern
Doctorfish,Acanthurus chirurgus,2012,Least Concern
Achilles Tang,Acanthurus achilles,2012,Least Concern
Orangeband Surgeonfish,Acanthurus olivaceus,2012,Least Concern
Mimic Surgeonfish,Acanthurus pyroferus,2012,Least Concern
Whitecheek Surgeonfish,Acanthurus nigricans,2012,Least Concern
Brown Surgeonfish,Acanthurus nigrofuscus,2012,Least Concern
Striped Surgeonfish,Acanthurus lineatus,2012,Least Concern
Blackstreak Surgeonfish,Acanthurus nigricauda,2012,Least Concern
Pale-Lipped Surgeonfish,Acanthurus leucocheilus,2012,Least Concern
Elongate Surgeonfish,Acanthurus mata,2012,Least Concern
Yellowfin Surgeonfish,Acanthurus xanthopterus,2012,Least Concern
Eyestripe Surgeonfish,Acanthurus dussumieri,2012,Least Concern
Dark Surgeonfish,Acanthurus nubilus,2012,Least Concern
Blue-Lined Surgeonfish,Acanthurus nigroris,2012,Least Concern
Whitebar Surgeonfish,Acanthurus leucopareius,2012,Least Concern
Convict Tang,Acanthurus triostegus,2012,Least Concern
Bignose Unicornfish,Naso vlamingii,2012,Least Concern
Bignose Unicornfish,Naso vlamingii,2010,Least Concern
Paletail Unicornfish,Naso brevirostris,2012,Least Concern
Bluespine Unicornfish,Naso unicornis,2012,Least Concern
Sleek Unicornfish,Naso hexacanthus,2012,Least Concern
Orangespine Unicornfish,Naso lituratus,2012,Least Concern
Goldring Surgeonfish,Ctenochaetus strigosus,2012,Least Concern
Lined Bristletooth,Ctenochaetus striatus,2012,Least Concern
Bluelipped Bristletooth,Ctenochaetus cyanocheilus,2012,Least Concern
Hawaiian Bristletooth,Ctenochaetus hawaiiensis,2012,Least Concern
Palette Surgeonfish,Paracanthurus hepatus,2012,Least Concern
Yellowtail Surgeonfish,Prionurus punctatus,2012,Least Concern
Yellowtail Surgeonfish,Prionurus punctatus,2010,Least Concern
Masked Rabbitfish,Siganus puellus,2016,Least Concern
Siganus virgatus,Siganus virgatus,2018,Least Concern
Goldspotted Rabbitfish,Siganus punctatus,2016,Least Concern
Whitespotted Rabbitfish,Siganus canaliculatus,2016,Least Concern
Coral Rabbitfish,Siganus corallinus,2016,Least Concern
Golden Rabbitfish,Siganus guttatus,2016,Least Concern
Foxface Rabbitfish,Siganus vulpinus,2016,Least Concern
Banded Butterflyfish,Chaetodon striatus,2010,Least Concern
Threespot Damselfish,Stegastes planifrons,2015,Least Concern
Goliath Grouper,Epinephelus itajara,2018,Vulnerable
Goliath Grouper,Epinephelus itajara,2011,Critically Endangered
Nassau Grouper,Epinephelus striatus,2018,Critically Endangered
Nassau Grouper,Epinephelus striatus,2003,Endangered
Nassau Grouper,Epinephelus striatus,1996,Endangered
Queen Parrotfish,Scarus vetula,2012,Least Concern
Queen Parrotfish,Scarus vetula,2010,Least Concern
Bluehead,Thalassoma bifasciatum,2010,Least Concern
Bluebanded Goby,Lythrypnus dalli,2010,Least Concern
Common Lionfish,Pterois volitans,2016,Least Concern
Porcupinefish,Diodon hystrix,2015,Least Concern
Guineafowl Puffer,Arothron meleagris,2014,Least Concern
Trumpetfish,Aulostomus maculatus,2015,Least Concern
Longsnout Seahorse,Hippocampus reidi,2017,Near Threatened
Longsnout Seahorse,Hippocampus reidi,2003,Data Deficient
Longsnout Seahorse,Hippocampus reidi,1996,Vulnerable
Spotted Moray Eel,Gymnothorax moringa,2015,Least Concern
Spotted Eagle Ray,Aetobatus narinari,2006,Near Threatened
Spotted Eagle Ray,Aetobatus narinari,2000,Data Deficient
Giant Manta Ray,Mobula birostris,2018,Vulnerable
Giant Manta Ray,Mobula birostris,2011,Vulnerable
Bull Shark,Carcharhinus leucas,2009,Near Threatened
Bull Shark,Carcharhinus leucas,2000,Lower Risk/near threatened
Lemon Shark,Negaprion brevirostris,2015,Near Threatened
Lemon Shark,Negaprion brevirostris,2009,Near Threatened
Lemon Shark,Negaprion brevirostris,2000,Lower Risk/near threatened
Nurse Shark,Ginglymostoma cirratum,2006,Data Deficient
Whale Shark,Rhincodon typus,2016,Endangered
Whale Shark,Rhincodon typus,2005,Vulnerable
Whale Shark,Rhincodon typus,2000,Vulnerable
Whale Shark,Rhincodon typus,1996,Data Deficient
Whale Shark,Rhincodon typus,1994,Indeterminate
Whale Shark,Rhincodon typus,1990,Indeterminate
Caribbean Spiny Lobster,Panulirus argus,2011,Data Deficient
Horseshoe Crab,Limulus polyphemus,2016,Vulnerable
Horseshoe Crab,Limulus polyphemus,1996,Lower Risk/near threatened
Horseshoe Crab,Limulus polyphemus,1994,Insufficiently Known
Horseshoe Crab,Limulus polyphemus,1990,Insufficiently Known
Horseshoe Crab,Limulus polyphemus,1988,Insufficiently Known
Horseshoe Crab,Limulus polyphemus,1986,Insufficiently Known
Horseshoe Crab,Limulus polyphemus,1983,Insufficiently Known
Broadclub Cuttlefish,Sepia latimanus,2012,Data Deficient
Caribbean Reef Octopus,Octopus briareus,2018,Least Concern
Pinkfish Sea Cucumber,Holothuria edulis,2013,Least Concern
Elkhorn Coral,Acropora palmata,2008,Critically Endangered
Grooved Brain Coral,Diploria labyrinthiformis,2008,Least Concern
Hawksbill Turtle,Eretmochelys imbricata,2008,Critically Endangered
Hawksbill Turtle,Eretmochelys imbricata,1996,Critically Endangered
Hawksbill Turtle,Eretmochelys imbricata,1994,Endangered
Hawksbill Turtle,Eretmochelys imbricata,1990,Endangered
Hawksbill Turtle,Eretmochelys imbricata,1988,Endangered
Hawksbill Turtle,Eretmochelys imbricata,1986,Endangered
Hawksbill Turtle,Eretmochelys imbricata,1982,Endangered
Green Turtle,Chelonia mydas,2004,Endangered
Green Turtle,Chelonia mydas,1996,Endangered
Green Turtle,Chelonia mydas,1994,Endangered
Green Turtle,Chelonia mydas,1990,Endangered
Green Turtle,Chelonia mydas,1988,Endangered
Green Turtle,Chelonia mydas,1986,Endangered
Green Turtle,Chelonia mydas,1982,Endangered
Loggerhead Turtle,Caretta caretta,2015,Vulnerable
Loggerhead Turtle,Caretta caretta,1996,Endangered
Loggerhead Turtle,Caretta caretta,1994,Vulnerable
Loggerhead Turtle,Caretta caretta,1990,Vulnerable
Loggerhead Turtle,Caretta caretta,1988,Vulnerable
Loggerhead Turtle,Caretta caretta,1986,Vulnerable
Loggerhead Turtle,Caretta caretta,1982,Vulnerable
Banded Sea Krait,Laticauda colubrina,2010,Least Concern
Bottlenose Dolphin,Tursiops truncatus,2019,Least Concern
Bottlenose Dolphin,Tursiops truncatus,2012,Least Concern
Bottlenose Dolphin,Tursiops truncatus,2008,Least Concern
Bottlenose Dolphin,Tursiops truncatus,1996,Data Deficient
Bottlenose Dolphin,Tursiops truncatus,1994,Insufficiently Known
Spinner Dolphin,Stenella longirostris,2018,Least Concern
Spinner Dolphin,Stenella longirostris,2012,Data Deficient
Spinner Dolphin,Stenella longirostris,2008,Data Deficient
Spinner Dolphin,Stenella longirostris,1996,Lower Risk/conservation dependent
West Indian Manatee,Trichechus manatus,2008,Vulnerable
West Indian Manatee,Trichechus manatus,2007,Vulnerable
West Indian Manatee,Trichechus manatus,1996,Vulnerable
West Indian Manatee,Trichechus manatus,1994,Vulnerable
West Indian Manatee,Trichechus manatus,1990,Vulnerable
West Indian Manatee,Trichechus manatus,1988,Vulnerable
West Indian Manatee,Trichechus manatus,1986,Vulnerable
West Indian Manatee,Trichechus manatus,1982,Vulnerable
West Indian Manatee,Trichechus manatus,1965,"""Status inadequately known-survey required or data sought"""
Queen Angelfish,Holacanthus ciliaris,2010,Least Concern
French Angelfish,Pomacanthus paru,2010,Least Concern
Blue Tang,Acanthurus coeruleus,2012,Least Concern
Bearded Seal,Erignathus barbatus,2016,Least Concern
Bearded Seal,Erignathus barbatus,2008,Least Concern
Bearded Seal,Erignathus barbatus,1996,Lower Risk/least concern
Beluga Whale,Delphinapterus leucas,2017,Least Concern
Beluga Whale,Delphinapterus leucas,2012,Near Threatened
Beluga Whale,Delphinapterus leucas,2008,Near Threatened
Beluga Whale,Delphinapterus leucas,1996,Vulnerable
Beluga Whale,Delphinapterus leucas,1994,Insufficiently Known
Beluga Whale,Delphinapterus leucas,1990,Insufficiently Known
Beluga Whale,Delphinapterus leucas,1988,Insufficiently Known
Blue Whale,Balaenoptera musculus,2018,Endangered
Blue Whale,Balaenoptera musculus,2008,Endangered
Blue Whale,Balaenoptera musculus,1996,Endangered
Blue Whale,Balaenoptera musculus,1994,Endangered
Blue Whale,Balaenoptera musculus,1990,Endangered
Blue Whale,Balaenoptera musculus,1988,Endangered
Blue Whale,Balaenoptera musculus,1986,Endangered
Blue Whale,Balaenoptera musculus,1965,"""Very rare and believed to be decreasing in numbers"""
Bowhead Whale,Balaena mysticetus,2018,Least Concern
Bowhead Whale,Balaena mysticetus,2012,Least Concern
Bowhead Whale,Balaena mysticetus,2008,Least Concern
Bowhead Whale,Balaena mysticetus,1996,Lower Risk/conservation dependent
Bowhead Whale,Balaena mysticetus,1994,Vulnerable
Bowhead Whale,Balaena mysticetus,1990,Vulnerable
Bowhead Whale,Balaena mysticetus,1988,Endangered
Bowhead Whale,Balaena mysticetus,1986,Endangered
Bowhead Whale,Balaena mysticetus,1965,"""Very rare but believed to be stable or increasing"""
Dugong,Dugong dugon,2015,Vulnerable
Dugong,Dugong dugon,2008,Vulnerable
Dugong,Dugong dugon,2006,Vulnerable
Dugong,Dugong dugon,1996,Vulnerable
Dugong,Dugong dugon,1994,Vulnerable
Dugong,Dugong dugon,1990,Vulnerable
Dugong,Dugong dugon,1988,Vulnerable
Dugong,Dugong dugon,1986,Vulnerable
Dugong,Dugong dugon,1982,Vulnerable
Dugong,Dugong dugon,1965,"""Status inadequately known-survey required or data sought"""
False Killer Whale,Pseudorca crassidens,2018,Near Threatened
False Killer Whale,Pseudorca crassidens,2008,Data Deficient
False Killer Whale,Pseudorca crassidens,1996,Lower Risk/least concern
False Killer Whale,Pseudorca crassidens,1994,Insufficiently Known
Fin Whale,Balaenoptera physalus,2018,Vulnerable
Fin Whale,Balaenoptera physalus,2013,Endangered
Fin Whale,Balaenoptera physalus,2008,Endangered
Fin Whale,Balaenoptera physalus,1996,Endangered
Fin Whale,Balaenoptera physalus,1994,Vulnerable
Fin Whale,Balaenoptera physalus,1990,Vulnerable
Fin Whale,Balaenoptera physalus,1988,Vulnerable
Fin Whale,Balaenoptera physalus,1986,Vulnerable
Fin Whale,Balaenoptera physalus,1965,"""Less rare but believed to be threatened-requires watching"""
Gray Seal,Halichoerus grypus,2016,Least Concern
Gray Seal,Halichoerus grypus,2008,Least Concern
Gray Seal,Halichoerus grypus,1996,Lower Risk/least concern
Gray Whale,Eschrichtius robustus,2018,Least Concern
Gray Whale,Eschrichtius robustus,2008,Least Concern
Gray Whale,Eschrichtius robustus,1996,Lower Risk/conservation dependent
Guadalupe Fur Seal,Arctocephalus townsendi,2015,Least Concern
Guadalupe Fur Seal,Arctocephalus townsendi,2008,Near Threatened
Guadalupe Fur Seal,Arctocephalus townsendi,1996,Vulnerable
Guadalupe Fur Seal,Arctocephalus townsendi,1994,Vulnerable
Guadalupe Fur Seal,Arctocephalus townsendi,1990,Vulnerable
Guadalupe Fur Seal,Arctocephalus townsendi,1988,Vulnerable
Guadalupe Fur Seal,Arctocephalus townsendi,1986,Vulnerable
Guadalupe Fur Seal,Arctocephalus townsendi,1982,Vulnerable
Guadalupe Fur Seal,Arctocephalus townsendi,1965,"""Very rare but believed to be stable or increasing"""
Harp Seal,Pagophilus groenlandicus,2015,Least Concern
Harp Seal,Pagophilus groenlandicus,2008,Least Concern
Harp Seal,Pagophilus groenlandicus,1996,Lower Risk/least concern
Hourglass Dolphin,Lagenorhynchus cruciger,2018,Least Concern
Hourglass Dolphin,Lagenorhynchus cruciger,2008,Least Concern
Hourglass Dolphin,Lagenorhynchus cruciger,1996,Lower Risk/least concern
Hourglass Dolphin,Lagenorhynchus cruciger,1994,Insufficiently Known
Humpback Whale,Megaptera novaeangliae,2018,Least Concern
Humpback Whale,Megaptera novaeangliae,2008,Least Concern
Humpback Whale,Megaptera novaeangliae,1996,Vulnerable
Humpback Whale,Megaptera novaeangliae,1994,Vulnerable
Humpback Whale,Megaptera novaeangliae,1990,Vulnerable
Humpback Whale,Megaptera novaeangliae,1988,Endangered
Humpback Whale,Megaptera novaeangliae,1986,Endangered
Humpback Whale,Megaptera novaeangliae,1965,"""Less rare but believed to be threatened-requires watching"""
Juan Fernandez Fur Seal,Arctocephalus philippii,2015,Least Concern
Juan Fernandez Fur Seal,Arctocephalus philippii,2008,Near Threatened
Juan Fernandez Fur Seal,Arctocephalus philippii,1996,Vulnerable
Juan Fernandez Fur Seal,Arctocephalus philippii,1994,Vulnerable
Juan Fernandez Fur Seal,Arctocephalus philippii,1990,Vulnerable
Juan Fernandez Fur Seal,Arctocephalus philippii,1988,Vulnerable
Juan Fernandez Fur Seal,Arctocephalus philippii,1986,Vulnerable
Juan Fernandez Fur Seal,Arctocephalus philippii,1982,Vulnerable
Juan Fernandez Fur Seal,Arctocephalus philippii,1965,"""Status inadequately known-survey required or data sought"""
Leopard Seal,Hydrurga leptonyx,2015,Least Concern
Leopard Seal,Hydrurga leptonyx,2008,Least Concern
Leopard Seal,Hydrurga leptonyx,1996,Lower Risk/least concern
Long-finned Pilot Whale,Globicephala melas,2018,Least Concern
Long-finned Pilot Whale,Globicephala melas,2008,Data Deficient
Long-finned Pilot Whale,Globicephala melas,1996,Lower Risk/least concern
Long-finned Pilot Whale,Globicephala melas,1994,Insufficiently Known
Marine Otter,Lontra felina,2015,Endangered
Marine Otter,Lontra felina,2008,Endangered
Marine Otter,Lontra felina,2004,Endangered
Marine Otter,Lontra felina,2000,Endangered
Marine Otter,Lontra felina,1996,Endangered
Marine Otter,Lontra felina,1994,Vulnerable
Marine Otter,Lontra felina,1990,Vulnerable
Marine Otter,Lontra felina,1988,Vulnerable
Marine Otter,Lontra felina,1986,Vulnerable
Marine Otter,Lontra felina,1982,Vulnerable
Minke Whale,Balaenoptera acutorostrata,2018,Least Concern
Minke Whale,Balaenoptera acutorostrata,2008,Least Concern
Minke Whale,Balaenoptera acutorostrata,1996,Lower Risk/near threatened
Minke Whale,Balaenoptera acutorostrata,1994,Insufficiently Known
Orca,Orcinus orca,2017,Data Deficient
Orca,Orcinus orca,2013,Data Deficient
Orca,Orcinus orca,2008,Data Deficient
Orca,Orcinus orca,1996,Lower Risk/conservation dependent
Orca,Orcinus orca,1994,Insufficiently Known
Pantropical Spotted Dolphin,Stenella attenuata,2018,Least Concern
Pantropical Spotted Dolphin,Stenella attenuata,2012,Least Concern
Pantropical Spotted Dolphin,Stenella attenuata,2008,Least Concern
Pantropical Spotted Dolphin,Stenella attenuata,1996,Lower Risk/conservation dependent
Pantropical Spotted Dolphin,Stenella attenuata,1994,Insufficiently Known
Polar Bear,Ursus maritimus,2015,Vulnerable
Polar Bear,Ursus maritimus,2008,Vulnerable
Polar Bear,Ursus maritimus,2006,Vulnerable
Polar Bear,Ursus maritimus,1996,Lower Risk/conservation dependent
Polar Bear,Ursus maritimus,1994,Vulnerable
Polar Bear,Ursus maritimus,1990,Vulnerable
Polar Bear,Ursus maritimus,1988,Vulnerable
Polar Bear,Ursus maritimus,1986,Vulnerable
Polar Bear,Ursus maritimus,1982,Vulnerable
Polar Bear,Ursus maritimus,1965,"""Less rare but believed to be threatened-requires watching"""
Ringed Seal,Pusa hispida,2016,Least Concern
Ringed Seal,Pusa hispida,2008,Least Concern
Ringed Seal,Pusa hispida,1996,Lower Risk/least concern
Risso’s Dolphin,Grampus griseus,2018,Least Concern
Risso’s Dolphin,Grampus griseus,2012,Least Concern
Risso’s Dolphin,Grampus griseus,2008,Least Concern
Risso’s Dolphin,Grampus griseus,1996,Data Deficient
Risso’s Dolphin,Grampus griseus,1994,Insufficiently Known
Sea Otter,Enhydra lutris,2015,Endangered
Sea Otter,Enhydra lutris,2011,Endangered
Sea Otter,Enhydra lutris,2008,Endangered
Sea Otter,Enhydra lutris,2000,Endangered
Sea Otter,Enhydra lutris,1996,Lower Risk/least concern
Short-beaked Common Dolphin,Delphinus delphis,2008,Least Concern
Short-beaked Common Dolphin,Delphinus delphis,1996,Lower Risk/least concern
Short-beaked Common Dolphin,Delphinus delphis,1994,Insufficiently Known
Southern Elephant Seal,Mirounga leonina,2015,Least Concern
Southern Elephant Seal,Mirounga leonina,2008,Least Concern
Southern Elephant Seal,Mirounga leonina,1996,Lower Risk/least concern
Sperm Whale,Physeter macrocephalus,2008,Vulnerable
Sperm Whale,Physeter macrocephalus,1996,Vulnerable
Sperm Whale,Physeter macrocephalus,1994,Insufficiently Known
Steller Sea Lion,Eumetopias jubatus,2016,Near Threatened
Steller Sea Lion,Eumetopias jubatus,2012,Near Threatened
Steller Sea Lion,Eumetopias jubatus,2008,Endangered
Steller Sea Lion,Eumetopias jubatus,1996,Endangered
Steller Sea Lion,Eumetopias jubatus,1994,Vulnerable
Vaquita,Phocoena sinus,2017,Critically Endangered
Vaquita,Phocoena sinus,2008,Critically Endangered
Vaquita,Phocoena sinus,2007,Critically Endangered
Vaquita,Phocoena sinus,1996,Critically Endangered
Vaquita,Phocoena sinus,1994,Endangered
Vaquita,Phocoena sinus,1990,Endangered
Vaquita,Phocoena sinus,1988,Vulnerable
Vaquita,Phocoena sinus,1986,Vulnerable
Walrus,Odobenus rosmarus,2016,Vulnerable
Walrus,Odobenus rosmarus,2008,Data Deficient
Walrus,Odobenus rosmarus,1996,Lower Risk/least concern
Flatback Turtle,Natator depressus,1996,Data Deficient
Flatback Turtle,Natator depressus,1996,Vulnerable
Flatback Turtle,Natator depressus,1994,Vulnerable
Kemp's Ridley Turtle,Lepidochelys kempii,1996,Critically Endangered
Kemp's Ridley Turtle,Lepidochelys kempii,1994,Endangered
Kemp's Ridley Turtle,Lepidochelys kempii,1990,Endangered
Kemp's Ridley Turtle,Lepidochelys kempii,1988,Endangered
Kemp's Ridley Turtle,Lepidochelys kempii,1986,Endangered
Kemp's Ridley Turtle,Lepidochelys kempii,1982,Endangered
Leatherback Turtle,Dermochelys coriacea,2013,Vulnerable
Leatherback Turtle,Dermochelys coriacea,2000,Critically Endangered
Leatherback Turtle,Dermochelys coriacea,1996,Endangered
Leatherback Turtle,Dermochelys coriacea,1994,Endangered
Leatherback Turtle,Dermochelys coriacea,1990,Endangered
Leatherback Turtle,Dermochelys coriacea,1988,Endangered
Leatherback Turtle,Dermochelys coriacea,1986,Endangered
Leatherback Turtle,Dermochelys coriacea,1982,Endangered
Marine Iguana,Amblyrhynchus cristatus,2004,Vulnerable
Marine Iguana,Amblyrhynchus cristatus,1996,Vulnerable
Marine Iguana,Amblyrhynchus cristatus,1994,Rare
Marine Iguana,Amblyrhynchus cristatus,1990,Rare
Marine Iguana,Amblyrhynchus cristatus,1988,Rare
Marine Iguana,Amblyrhynchus cristatus,1986,Rare
Olive Sea Snake,Aipysurus laevis,2010,Least Concern
Saltwater Crocodile,Crocodylus porosus,1996,Lower Risk/least concern
Saltwater Crocodile,Crocodylus porosus,1994,Vulnerable
Saltwater Crocodile,Crocodylus porosus,1990,Vulnerable
Saltwater Crocodile,Crocodylus porosus,1988,Endangered
Saltwater Crocodile,Crocodylus porosus,1986,Endangered
Saltwater Crocodile,Crocodylus porosus,1982,Endangered
Adelie Penguin,Pygoscelis adeliae,2018,Least Concern
Adelie Penguin,Pygoscelis adeliae,2016,Least Concern
Adelie Penguin,Pygoscelis adeliae,2012,Near Threatened
Adelie Penguin,Pygoscelis adeliae,2009,Least Concern
Adelie Penguin,Pygoscelis adeliae,2008,Least Concern
Adelie Penguin,Pygoscelis adeliae,2004,Least Concern
Adelie Penguin,Pygoscelis adeliae,2000,Lower Risk/least concern
Adelie Penguin,Pygoscelis adeliae,1994,Lower Risk/least concern
Adelie Penguin,Pygoscelis adeliae,1988,Lower Risk/least concern
Arctic Tern,Sterna paradisaea,2018,Least Concern
Arctic Tern,Sterna paradisaea,2016,Least Concern
Arctic Tern,Sterna paradisaea,2012,Least Concern
Arctic Tern,Sterna paradisaea,2010,Least Concern
Arctic Tern,Sterna paradisaea,2009,Least Concern
Arctic Tern,Sterna paradisaea,2008,Least Concern
Arctic Tern,Sterna paradisaea,2004,Least Concern
Arctic Tern,Sterna paradisaea,2000,Lower Risk/least concern
Arctic Tern,Sterna paradisaea,1994,Lower Risk/least concern
Arctic Tern,Sterna paradisaea,1988,Lower Risk/least concern
Atlantic Puffin,Fratercula arctica,2018,Vulnerable
Atlantic Puffin,Fratercula arctica,2017,Vulnerable
Atlantic Puffin,Fratercula arctica,2016,Vulnerable
Atlantic Puffin,Fratercula arctica,2015,Vulnerable
Atlantic Puffin,Fratercula arctica,2012,Least Concern
Atlantic Puffin,Fratercula arctica,2009,Least Concern
Atlantic Puffin,Fratercula arctica,2008,Least Concern
Atlantic Puffin,Fratercula arctica,2004,Least Concern
Atlantic Puffin,Fratercula arctica,2000,Lower Risk/least concern
Atlantic Puffin,Fratercula arctica,1994,Lower Risk/least concern
Atlantic Puffin,Fratercula arctica,1988,Lower Risk/least concern
Bald Eagle,Haliaeetus leucocephalus,2016,Least Concern
Bald Eagle,Haliaeetus leucocephalus,2012,Least Concern
Bald Eagle,Haliaeetus leucocephalus,2009,Least Concern
Bald Eagle,Haliaeetus leucocephalus,2008,Least Concern
Bald Eagle,Haliaeetus leucocephalus,2004,Least Concern
Bald Eagle,Haliaeetus leucocephalus,2000,Lower Risk/least concern
Bald Eagle,Haliaeetus leucocephalus,1994,Lower Risk/least concern
Bald Eagle,Haliaeetus leucocephalus,1988,Lower Risk/least concern
Blue-footed Booby,Sula nebouxii,2018,Least Concern
Blue-footed Booby,Sula nebouxii,2016,Least Concern
Blue-footed Booby,Sula nebouxii,2012,Least Concern
Blue-footed Booby,Sula nebouxii,2009,Least Concern
Blue-footed Booby,Sula nebouxii,2008,Least Concern
Blue-footed Booby,Sula nebouxii,2004,Least Concern
Blue-footed Booby,Sula nebouxii,2000,Lower Risk/least concern
Blue-footed Booby,Sula nebouxii,1994,Lower Risk/least concern
Blue-footed Booby,Sula nebouxii,1988,Lower Risk/least concern
Brown Pelican,Pelecanus occidentalis,2018,Least Concern
Brown Pelican,Pelecanus occidentalis,2016,Least Concern
Brown Pelican,Pelecanus occidentalis,2012,Least Concern
Brown Pelican,Pelecanus occidentalis,2009,Least Concern
Brown Pelican,Pelecanus occidentalis,2008,Least Concern
Brown Pelican,Pelecanus occidentalis,2006,Not Recognized
Brown Pelican,Pelecanus occidentalis,2004,Least Concern
Brown Pelican,Pelecanus occidentalis,2000,Least Concern
Brown Pelican,Pelecanus occidentalis,1994,Least Concern
Brown Pelican,Pelecanus occidentalis,1988,Least Concern
Emperor Penguin,Aptenodytes forsteri,2018,Near Threatened
Emperor Penguin,Aptenodytes forsteri,2016,Near Threatened
Emperor Penguin,Aptenodytes forsteri,2012,Near Threatened
Emperor Penguin,Aptenodytes forsteri,2009,Least Concern
Emperor Penguin,Aptenodytes forsteri,2008,Least Concern
Emperor Penguin,Aptenodytes forsteri,2004,Least Concern
Emperor Penguin,Aptenodytes forsteri,2000,Lower Risk/least concern
Emperor Penguin,Aptenodytes forsteri,1994,Lower Risk/least concern
Emperor Penguin,Aptenodytes forsteri,1988,Lower Risk/least concern
European Herring Gull,Larus argentatus,2018,Least Concern
European Herring Gull,Larus argentatus,2016,Least Concern
European Herring Gull,Larus argentatus,2015,Least Concern
European Herring Gull,Larus argentatus,2014,Least Concern
Galapagos Penguin,Spheniscus mendiculus,2018,Endangered
Galapagos Penguin,Spheniscus mendiculus,2016,Endangered
Galapagos Penguin,Spheniscus mendiculus,2012,Endangered
Galapagos Penguin,Spheniscus mendiculus,2010,Endangered
Galapagos Penguin,Spheniscus mendiculus,2008,Endangered
Galapagos Penguin,Spheniscus mendiculus,2007,Endangered
Galapagos Penguin,Spheniscus mendiculus,2005,Endangered
Galapagos Penguin,Spheniscus mendiculus,2004,Endangered
Galapagos Penguin,Spheniscus mendiculus,2000,Endangered
Galapagos Penguin,Spheniscus mendiculus,1996,Vulnerable
Galapagos Penguin,Spheniscus mendiculus,1994,Vulnerable
Galapagos Penguin,Spheniscus mendiculus,1988,Near Threatened
Gentoo Penguin,Pygoscelis papua,2018,Least Concern
Gentoo Penguin,Pygoscelis papua,2016,Least Concern
Gentoo Penguin,Pygoscelis papua,2012,Near Threatened
Gentoo Penguin,Pygoscelis papua,2010,Near Threatened
Gentoo Penguin,Pygoscelis papua,2008,Near Threatened
Gentoo Penguin,Pygoscelis papua,2004,Near Threatened
Gentoo Penguin,Pygoscelis papua,2000,Lower Risk/near threatened
Gentoo Penguin,Pygoscelis papua,1994,Lower Risk/least concern
Gentoo Penguin,Pygoscelis papua,1988,Lower Risk/least concern
Humboldt Penguin,Spheniscus humboldti,2018,Vulnerable
Humboldt Penguin,Spheniscus humboldti,2017,Vulnerable
Humboldt Penguin,Spheniscus humboldti,2016,Vulnerable
Humboldt Penguin,Spheniscus humboldti,2013,Vulnerable
Humboldt Penguin,Spheniscus humboldti,2012,Vulnerable
Humboldt Penguin,Spheniscus humboldti,2010,Vulnerable
Humboldt Penguin,Spheniscus humboldti,2008,Vulnerable
Humboldt Penguin,Spheniscus humboldti,2005,Vulnerable
Humboldt Penguin,Spheniscus humboldti,2004,Vulnerable
Humboldt Penguin,Spheniscus humboldti,2000,Vulnerable
Humboldt Penguin,Spheniscus humboldti,1994,Lower Risk/near threatened
Humboldt Penguin,Spheniscus humboldti,1988,Threatened
Jackass Penguin,Spheniscus demersus,2018,Endangered
Jackass Penguin,Spheniscus demersus,2016,Endangered
Jackass Penguin,Spheniscus demersus,2015,Endangered
Jackass Penguin,Spheniscus demersus,2013,Endangered
Jackass Penguin,Spheniscus demersus,2012,Endangered
Jackass Penguin,Spheniscus demersus,2010,Endangered
Jackass Penguin,Spheniscus demersus,2008,Vulnerable
Jackass Penguin,Spheniscus demersus,2005,Vulnerable
Jackass Penguin,Spheniscus demersus,2004,Vulnerable
Jackass Penguin,Spheniscus demersus,2000,Vulnerable
Jackass Penguin,Spheniscus demersus,1994,Lower Risk/near threatened
Jackass Penguin,Spheniscus demersus,1988,Threatened
Kelp Gull,Larus dominicanus,2018,Least Concern
Kelp Gull,Larus dominicanus,2016,Least Concern
Kelp Gull,Larus dominicanus,2012,Least Concern
Kelp Gull,Larus dominicanus,2009,Least Concern
Kelp Gull,Larus dominicanus,2008,Least Concern
Kelp Gull,Larus dominicanus,2004,Least Concern
Kelp Gull,Larus dominicanus,2000,Lower Risk/least concern
Kelp Gull,Larus dominicanus,1994,Lower Risk/least concern
Kelp Gull,Larus dominicanus,1988,Lower Risk/least concern
King Eider,Somateria spectabilis,2018,Least Concern
King Eider,Somateria spectabilis,2016,Least Concern
King Eider,Somateria spectabilis,2012,Least Concern
King Eider,Somateria spectabilis,2009,Least Concern
King Eider,Somateria spectabilis,2008,Least Concern
King Eider,Somateria spectabilis,2004,Least Concern
King Eider,Somateria spectabilis,2000,Lower Risk/least concern
King Eider,Somateria spectabilis,1994,Lower Risk/least concern
King Eider,Somateria spectabilis,1988,Lower Risk/least concern
King Penguin,Aptenodytes patagonicus,2018,Least Concern
King Penguin,Aptenodytes patagonicus,2017,Least Concern
King Penguin,Aptenodytes patagonicus,2016,Least Concern
King Penguin,Aptenodytes patagonicus,2012,Least Concern
King Penguin,Aptenodytes patagonicus,2009,Least Concern
King Penguin,Aptenodytes patagonicus,2008,Least Concern
King Penguin,Aptenodytes patagonicus,2004,Least Concern
King Penguin,Aptenodytes patagonicus,2000,Lower Risk/least concern
King Penguin,Aptenodytes patagonicus,1994,Lower Risk/least concern
King Penguin,Aptenodytes patagonicus,1988,Lower Risk/least concern
Laughing Gull,Larus atricilla,2018,Least Concern
Laughing Gull,Larus atricilla,2016,Least Concern
Laughing Gull,Larus atricilla,2012,Least Concern
Laughing Gull,Larus atricilla,2009,Least Concern
Laughing Gull,Larus atricilla,2008,Least Concern
Laughing Gull,Larus atricilla,2004,Least Concern
Laughing Gull,Larus atricilla,2000,Lower Risk/least concern
Laughing Gull,Larus atricilla,1994,Lower Risk/least concern
Laughing Gull,Larus atricilla,1988,Lower Risk/least concern
Laysan Albatross,Phoebastria immutabilis,2018,Near Threatened
Laysan Albatross,Phoebastria immutabilis,2017,Near Threatened
Laysan Albatross,Phoebastria immutabilis,2016,Near Threatened
Laysan Albatross,Phoebastria immutabilis,2013,Near Threatened
Laysan Albatross,Phoebastria immutabilis,2012,Near Threatened
Laysan Albatross,Phoebastria immutabilis,2010,Near Threatened
Laysan Albatross,Phoebastria immutabilis,2008,Vulnerable
Laysan Albatross,Phoebastria immutabilis,2005,Vulnerable
Laysan Albatross,Phoebastria immutabilis,2004,Vulnerable
Laysan Albatross,Phoebastria immutabilis,2003,Vulnerable
Laysan Albatross,Phoebastria immutabilis,2000,Lower Risk/least concern
Laysan Albatross,Phoebastria immutabilis,1994,Lower Risk/least concern
Laysan Albatross,Phoebastria immutabilis,1988,Lower Risk/least concern
Little Auk,Alle alle,2018,Least Concern
Little Auk,Alle alle,2016,Least Concern
Little Auk,Alle alle,2012,Least Concern
Little Auk,Alle alle,2009,Least Concern
Little Auk,Alle alle,2008,Least Concern
Little Auk,Alle alle,2004,Least Concern
Little Auk,Alle alle,2000,Lower Risk/least concern
Little Auk,Alle alle,1994,Lower Risk/least concern
Little Auk,Alle alle,1988,Lower Risk/least concern
Magnificent Frigatebird,Fregata magnificens,2018,Least Concern
Magnificent Frigatebird,Fregata magnificens,2017,Least Concern
Magnificent Frigatebird,Fregata magnificens,2016,Least Concern
Magnificent Frigatebird,Fregata magnificens,2012,Least Concern
Magnificent Frigatebird,Fregata magnificens,2009,Least Concern
Magnificent Frigatebird,Fregata magnificens,2008,Least Concern
Magnificent Frigatebird,Fregata magnificens,2004,Least Concern
Magnificent Frigatebird,Fregata magnificens,2000,Lower Risk/least concern
Magnificent Frigatebird,Fregata magnificens,1994,Lower Risk/least concern
Magnificent Frigatebird,Fregata magnificens,1988,Lower Risk/least concern
Osprey,Pandion haliaetus,2016,Least Concern
Osprey,Pandion haliaetus,2015,Least Concern
Osprey,Pandion haliaetus,2013,Least Concern
Osprey,Pandion haliaetus,2012,Least Concern
Osprey,Pandion haliaetus,2009,Least Concern
Osprey,Pandion haliaetus,2008,Least Concern
Osprey,Pandion haliaetus,2004,Least Concern
Osprey,Pandion haliaetus,2000,Lower Risk/least concern
Osprey,Pandion haliaetus,1994,Lower Risk/least concern
Osprey,Pandion haliaetus,1988,Lower Risk/least concern
Red-footed Booby,Sula sula,2018,Least Concern
Red-footed Booby,Sula sula,2016,Least Concern
Red-footed Booby,Sula sula,2012,Least Concern
Red-footed Booby,Sula sula,2009,Least Concern
Red-footed Booby,Sula sula,2008,Least Concern
Red-footed Booby,Sula sula,2004,Least Concern
Red-footed Booby,Sula sula,2000,Lower Risk/least concern
Red-footed Booby,Sula sula,1994,Lower Risk/least concern
Red-footed Booby,Sula sula,1988,Lower Risk/least concern
Royal Penguin,Eudyptes schlegeli,2018,Near Threatened
Royal Penguin,Eudyptes schlegeli,2016,Near Threatened
Royal Penguin,Eudyptes schlegeli,2015,Near Threatened
Royal Penguin,Eudyptes schlegeli,2012,Vulnerable
Royal Penguin,Eudyptes schlegeli,2010,Vulnerable
Royal Penguin,Eudyptes schlegeli,2008,Vulnerable
Royal Penguin,Eudyptes schlegeli,2007,Vulnerable
Royal Penguin,Eudyptes schlegeli,2005,Vulnerable
Royal Penguin,Eudyptes schlegeli,2004,Vulnerable
Royal Penguin,Eudyptes schlegeli,2000,Vulnerable
Royal Penguin,Eudyptes schlegeli,1994,Lower Risk/least concern
Royal Penguin,Eudyptes schlegeli,1988,Lower Risk/least concern
Southern Giant Petrel,Macronectes giganteus,2018,Least Concern
Southern Giant Petrel,Macronectes giganteus,2016,Least Concern
Southern Giant Petrel,Macronectes giganteus,2012,Least Concern
Southern Giant Petrel,Macronectes giganteus,2009,Least Concern
Southern Giant Petrel,Macronectes giganteus,2008,Near Threatened
Southern Giant Petrel,Macronectes giganteus,2007,Near Threatened
Southern Giant Petrel,Macronectes giganteus,2005,Vulnerable
Southern Giant Petrel,Macronectes giganteus,2004,Vulnerable
Southern Giant Petrel,Macronectes giganteus,2000,Vulnerable
Southern Giant Petrel,Macronectes giganteus,1994,Lower Risk/least concern
Southern Giant Petrel,Macronectes giganteus,1988,Lower Risk/least concern
Southern Rockhopper Penguin,Eudyptes chrysocome,2018,Vulnerable
Southern Rockhopper Penguin,Eudyptes chrysocome,2016,Vulnerable
Southern Rockhopper Penguin,Eudyptes chrysocome,2012,Vulnerable
Southern Rockhopper Penguin,Eudyptes chrysocome,2010,Vulnerable
Southern Rockhopper Penguin,Eudyptes chrysocome,2008,Vulnerable
Southern Rockhopper Penguin,Eudyptes chrysocome,2004,Not Recognized
Southern Rockhopper Penguin,Eudyptes chrysocome,2000,Not Recognized
Southern Rockhopper Penguin,Eudyptes chrysocome,1994,Not Recognized
Southern Rockhopper Penguin,Eudyptes chrysocome,1988,Not Recognized
Barndoor Skate,Dipturus laevis,2003,Endangered
Barndoor Skate,Dipturus laevis,2000,Vulnerable
Basking Shark,Cetorhinus maximus,2009,Vulnerable
Basking Shark,Cetorhinus maximus,2000,Vulnerable
Basking Shark,Cetorhinus maximus,1996,Vulnerable
Basking Shark,Cetorhinus maximus,1994,Insufficiently Known
Basking Shark,Cetorhinus maximus,1990,Insufficiently Known
Blue Shark,Prionace glauca,2009,Near Threatened
Blue Shark,Prionace glauca,2000,Lower Risk/near threatened
Cookiecutter Shark,Isistius brasiliensis,2018,Least Concern
Cookiecutter Shark,Isistius brasiliensis,2003,Least Concern
Cownose Ray,Rhinoptera bonasus,2006,Near Threatened
Frilled Shark,Chlamydoselachus anguineus,2016,Least Concern
Frilled Shark,Chlamydoselachus anguineus,2003,Near Threatened
Goblin Shark,Mitsukurina owstoni,2018,Least Concern
Goblin Shark,Mitsukurina owstoni,2004,Least Concern
Great Hammerhead Shark,Sphyrna mokarran,2007,Endangered
Great Hammerhead Shark,Sphyrna mokarran,2000,Data Deficient
Great White Shark,Carcharodon carcharias,2009,Vulnerable
Great White Shark,Carcharodon carcharias,2000,Vulnerable
Great White Shark,Carcharodon carcharias,1996,Vulnerable
Great White Shark,Carcharodon carcharias,1994,Insufficiently Known
Great White Shark,Carcharodon carcharias,1990,Insufficiently Known
Greenland Shark,Somniosus microcephalus,2006,Near Threatened
Longfin Mako Shark,Isurus paucus,2019,Endangered
Longfin Mako Shark,Isurus paucus,2006,Vulnerable
Longnose Sawshark,Pristiophorus cirratus,2016,Least Concern
Longnose Sawshark,Pristiophorus cirratus,2003,Least Concern
Longnose Sawshark,Pristiophorus cirratus,2000,Lower Risk/near threatened
Marbled Electric Ray,Torpedo marmorata,2009,Data Deficient
Megamouth Shark,Megachasma pelagios,2019,Least Concern
Megamouth Shark,Megachasma pelagios,2015,Least Concern
Megamouth Shark,Megachasma pelagios,2005,Data Deficient
Megamouth Shark,Megachasma pelagios,2000,Data Deficient
Oceanic Whitetip Shark,Carcharhinus longimanus,2015,Vulnerable
Oceanic Whitetip Shark,Carcharhinus longimanus,2006,Vulnerable
Oceanic Whitetip Shark,Carcharhinus longimanus,2000,Lower Risk/near threatened
Pacific Angel Shark,Squatina californica,2016,Near Threatened
Pacific Angel Shark,Squatina californica,2005,Near Threatened
Pacific Angel Shark,Squatina californica,2000,Lower Risk/near threatened
Pelagic Thresher Shark,Alopias pelagicus,2009,Vulnerable
Porbeagle Shark,Lamna nasus,2006,Vulnerable
Porbeagle Shark,Lamna nasus,2000,Lower Risk/near threatened
Porbeagle Shark,Lamna nasus,1996,Vulnerable
Porcupine Ray,Urogymnus asperrimus,2016,Vulnerable
Porcupine Ray,Urogymnus asperrimus,2005,Vulnerable
Porcupine Ray,Urogymnus asperrimus,2000,Vulnerable
Scalloped Hammerhead Shark,Sphyrna lewini,2009,Endangered
Scalloped Hammerhead Shark,Sphyrna lewini,2000,Lower Risk/near threatened
Shortfin Mako Shark,Isurus oxyrinchus,2019,Endangered
Shortfin Mako Shark,Isurus oxyrinchus,2009,Vulnerable
Shortfin Mako Shark,Isurus oxyrinchus,2000,Lower Risk/near threatened
Shovelnose Guitarfish,Pseudobatos productus,2016,Near Threatened
Shovelnose Guitarfish,Pseudobatos productus,2006,Near Threatened
Smooth Hammerhead Shark,Sphyrna zygaena,2009,Vulnerable
Smooth Hammerhead Shark,Sphyrna zygaena,2000,Lower Risk/near threatened
Spinner Shark,Carcharhinus brevipinna,2009,Near Threatened
Spinner Shark,Carcharhinus brevipinna,2000,Lower Risk/near threatened
Spiny Dogfish,Squalus acanthias,2016,Vulnerable
Tasselled Wobbegong,Eucrossorhinus dasypogon,2015,Least Concern
Tasselled Wobbegong,Eucrossorhinus dasypogon,2003,Near Threatened
Tiger Shark,Galeocerdo cuvier,2019,Near Threatened
Tiger Shark,Galeocerdo cuvier,2009,Near Threatened
Tiger Shark,Galeocerdo cuvier,2000,Lower Risk/near threatened
Zebra Shark,Stegostoma fasciatum,2016,Endangered
Zebra Shark,Stegostoma fasciatum,2003,Vulnerable
American Lobster,Homarus americanus,2011,Least Concern
Antarctic Krill,Euphausia superba,2015,Least Concern
Argentine Shortfin Squid,Illex argentinus,2014,Least Concern
Colossal Squid,Mesonychoteuthis hamiltoni,2014,Least Concern
Giant Pacific Octopus,Enteroctopus dofleini,2018,Least Concern
Humboldt Squid,Dosidicus gigas,2014,Data Deficient
Southern Blue-Ringed Octopus,Hapalochlaena maculosa,2018,Least Concern
Striped Pyjama Squid,Sepioloidea lineolata,2012,Data Deficient
Giant Clam, Tridacna gigas,1996,Vulnerable
Giant Clam, Tridacna gigas,1994,Vulnerable
Giant Clam, Tridacna gigas,1990,Vulnerable
Giant Clam, Tridacna gigas,1988,Vulnerable
Giant Clam, Tridacna gigas,1986,Vulnerable
Giant Clam, Tridacna gigas,1983,Vulnerable
Ivory Bush Coral,Oculina varicosa,2008,Vulnerable
Lobe Coral,Porites lobata,2014,Near Threatened
Lobe Coral,Porites lobata,2008,Near Threatened
Atlantic Bluefin Tuna,Thunnus thynnus,2011,Endangered
Atlantic Bluefin Tuna,Thunnus thynnus,1996,Data Deficient
Atlantic Cod,Gadus morhua,1996,Vulnerable
Atlantic Salmon,Salmo salar,1996,Lower Risk/least concern
Beluga Sturgeon,Huso huso,2010,Critically Endangered
Beluga Sturgeon,Huso huso,1996,Endangered
Blue Marlin,Makaira nigricans,2011,Vulnerable
Chilean Common Hake,Merluccius gayi,2010,Data Deficient
Chilean Jack Mackerel,Trachurus murphyi,2010,Data Deficient
Coelacanth,Latimeria chalumnae,2000,Critically Endangered
Coelacanth,Latimeria chalumnae,1996,Endangered
Coelacanth,Latimeria chalumnae,1994,Vulnerable
Coelacanth,Latimeria chalumnae,1990,Vulnerable
Coelacanth,Latimeria chalumnae,1988,Insufficiently Known
Common Dolphinfish,Coryphaena hippurus,2011,Least Concern
Common Dolphinfish,Coryphaena hippurus,2010,Least Concern
Common Fangtooth,Anoplogaster cornuta,2015,Least Concern
Deep Sea Anglerfish,Melanocetus johnsonii,2015,Least Concern
John Dory,Zeus faber,2015,Data Deficient
Leafy Seadragon,Phycodurus eques,2017,Least Concern
Leafy Seadragon,Phycodurus eques,2006,Near Threatened
Leafy Seadragon,Phycodurus eques,1996,Data Deficient
Mexican Lookdown,Selene brevoortii,2010,Least Concern
Northern Red Snapper,Lutjanus campechanus,2015,Vulnerable
Oarfish,Regalecus glesne,2015,Least Concern
Ocean Sunfish,Mola mola,2015,Vulnerable
Pacific Sardine,Sardinops sagax,2018,Least Concern
Peruvian Anchoveta,Engraulis ringens,2010,Least Concern
Sailfish,Istiophorus platypterus,2011,Least Concern
Sarcastic Fringehead,Neoclinus blanchardi,2014,Least Concern
Skipjack Tuna,Katsuwonus pelamis,2011,Least Concern
Slender Snipe Eel,Nemichthys scolopaceus,2015,Least Concern
Smalltooth Sawfish,Pristis pectinata,2013,Critically Endangered
Smalltooth Sawfish,Pristis pectinata,2006,Critically Endangered
Smalltooth Sawfish,Pristis pectinata,2000,Endangered
Smalltooth Sawfish,Pristis pectinata,1996,Endangered
Spotted Ratfish,Hydrolagus colliei,2015,Least Concern
Spotted Ratfish,Hydrolagus colliei,2006,Least Concern
Stonefish,Synanceia verrucosa,2018,Least Concern
Stoplight Loosejaw,Malacosteus niger,2015,Least Concern
Summer Flounder,Paralichthys dentatus,2010,Least Concern
Swordfish,Xiphias gladius,2011,Least Concern
Swordfish,Xiphias gladius,1996,Data Deficient
Tan Bristlemouth,Cyclothone pallida,2015,Least Concern
Tropical Two-wing Flyingfish,Exocoetus volitans,2015,Least Concern
Wahoo,Acanthocybium solandri,2011,Least Concern
White-ring Garden Eel,Heteroconger canabus,2010,Data Deficient
Yellowfin Tuna,Thunnus albacares,2011,Near Threatened
Yellowfin Tuna,Thunnus albacares,1996,Lower Risk/least concern
